ID,Name,Form,Type1,Type2,Total,HP,Attack,Defense,Sp. Atk,Sp. Def,Speed,Weight
1,Bulbasaur, ,Grass,Poison,318,45,49,49,65,65,45,6.9
2,Ivysaur, ,Grass,Poison,405,60,62,63,80,80,60,13
3,Venusaur, ,Grass,Poison,525,80,82,83,100,100,80,100
4,Charmander, ,Fire, ,309,39,52,43,60,50,65,8.5
5,Charmeleon, ,Fire, ,405,58,64,58,80,65,80,19
6,Charizard, ,Fire,Flying,534,78,84,78,109,85,100,90.5
7,Squirtle, ,Water, ,314,44,48,65,50,64,43,9
8,Wartortle, ,Water, ,405,59,63,80,65,80,58,22.5
9,Blastoise, ,Water, ,530,79,83,100,85,105,78,85.5
10,Caterpie, ,Bug, ,195,45,30,35,20,20,45,2.9
11,Metapod, ,Bug, ,205,50,20,55,25,25,30,9.9
12,Butterfree, ,Bug,Flying,395,60,45,50,90,80,70,32
13,Weedle, ,Bug,Poison,195,40,35,30,20,20,50,3.2
14,Kakuna, ,Bug,Poison,205,45,25,50,25,25,35,10
15,Beedrill, ,Bug,Poison,395,65,90,40,45,80,75,29.5
16,Pidgey, ,Normal,Flying,251,40,45,40,35,35,56,1.8
17,Pidgeotto, ,Normal,Flying,349,63,60,55,50,50,71,30
18,Pidgeot, ,Normal,Flying,479,83,80,75,70,70,101,39.5
19,Rattata, ,Normal, ,253,30,56,35,25,35,72,3.5
20,Raticate, ,Normal, ,413,55,81,60,50,70,97,18.5
21,Spearow, ,Normal,Flying,262,40,60,30,31,31,70,2
22,Fearow, ,Normal,Flying,442,65,90,65,61,61,100,38
23,Ekans, ,Poison, ,288,35,60,44,40,54,55,6.9
24,Arbok, ,Poison, ,448,60,95,69,65,79,80,65
25,Pikachu, ,Electric, ,320,35,55,40,50,50,90,6
26,Raichu, ,Electric, ,485,60,90,55,90,80,110,30
27,Sandshrew, ,Ground, ,300,50,75,85,20,30,40,12
28,Sandslash, ,Ground, ,450,75,100,110,45,55,65,29.5
29,Nidoran,Female,Poison, ,275,55,47,52,40,40,41,7
30,Nidorina, ,Poison, ,365,70,62,67,55,55,56,20
31,Nidoqueen, ,Poison,Ground,505,90,92,87,75,85,76,60
32,Nidoran,Male,Poison, ,273,46,57,40,40,40,50,9
33,Nidorino, ,Poison, ,365,61,72,57,55,55,65,19.5
34,Nidoking, ,Poison,Ground,505,81,102,77,85,75,85,62
35,Clefairy, ,Fairy, ,323,70,45,48,60,65,35,7.5
36,Clefable, ,Fairy, ,483,95,70,73,95,90,60,40
37,Vulpix, ,Fire, ,299,38,41,40,50,65,65,9.9
38,Ninetales, ,Fire, ,505,73,76,75,81,100,100,19.9
39,Jigglypuff, ,Normal,Fairy,270,115,45,20,45,25,20,5.5
40,Wigglytuff, ,Normal,Fairy,435,140,70,45,85,50,45,12
41,Zubat, ,Poison,Flying,245,40,45,35,30,40,55,7.5
42,Golbat, ,Poison,Flying,455,75,80,70,65,75,90,55
43,Oddish, ,Grass,Poison,320,45,50,55,75,65,30,5.4
44,Gloom, ,Grass,Poison,395,60,65,70,85,75,40,8.6
45,Vileplume, ,Grass,Poison,490,75,80,85,110,90,50,18.6
46,Paras, ,Bug,Grass,285,35,70,55,45,55,25,5.4
47,Parasect, ,Bug,Grass,405,60,95,80,60,80,30,29.5
48,Venonat, ,Bug,Poison,305,60,55,50,40,55,45,30
49,Venomoth, ,Bug,Poison,450,70,65,60,90,75,90,12.5
50,Diglett, ,Ground, ,265,10,55,25,35,45,95,0.8
51,Dugtrio, ,Ground, ,425,35,100,50,50,70,120,33.3
52,Meowth, ,Normal, ,290,40,45,35,40,40,90,4.2
53,Persian, ,Normal, ,440,65,70,60,65,65,115,32
54,Psyduck, ,Water, ,320,50,52,48,65,50,55,19.6
55,Golduck, ,Water, ,500,80,82,78,95,80,85,76.6
56,Mankey, ,Fighting, ,305,40,80,35,35,45,70,28
57,Primeape, ,Fighting, ,455,65,105,60,60,70,95,32
58,Growlithe, ,Fire, ,350,55,70,45,70,50,60,19
59,Arcanine, ,Fire, ,555,90,110,80,100,80,95,155
60,Poliwag, ,Water, ,300,40,50,40,40,40,90,12.4
61,Poliwhirl, ,Water, ,385,65,65,65,50,50,90,20
62,Poliwrath, ,Water,Fighting,510,90,95,95,70,90,70,54
63,Abra, ,Psychic, ,310,25,20,15,105,55,90,19.5
64,Kadabra, ,Psychic, ,400,40,35,30,120,70,105,56.5
65,Alakazam, ,Psychic, ,500,55,50,45,135,95,120,48
66,Machop, ,Fighting, ,305,70,80,50,35,35,35,19.5
67,Machoke, ,Fighting, ,405,80,100,70,50,60,45,70.5
68,Machamp, ,Fighting, ,505,90,130,80,65,85,55,130
69,Bellsprout, ,Grass,Poison,300,50,75,35,70,30,40,4
70,Weepinbell, ,Grass,Poison,390,65,90,50,85,45,55,6.4
71,Victreebel, ,Grass,Poison,490,80,105,65,100,70,70,15.5
72,Tentacool, ,Water,Poison,335,40,40,35,50,100,70,45.5
73,Tentacruel, ,Water,Poison,515,80,70,65,80,120,100,55
74,Geodude, ,Rock,Ground,300,40,80,100,30,30,20,20
75,Graveler, ,Rock,Ground,390,55,95,115,45,45,35,105
76,Golem, ,Rock,Ground,495,80,120,130,55,65,45,300
77,Ponyta, ,Fire, ,410,50,85,55,65,65,90,30
78,Rapidash, ,Fire, ,500,65,100,70,80,80,105,95
79,Slowpoke, ,Water,Psychic,315,90,65,65,40,40,15,36
80,Slowbro, ,Water,Psychic,490,95,75,110,100,80,30,78.5
81,Magnemite, ,Electric,Steel,325,25,35,70,95,55,45,6
82,Magneton, ,Electric,Steel,465,50,60,95,120,70,70,60
83,Farfetch'd, ,Normal,Flying,377,52,90,55,58,62,60,15
84,Doduo, ,Normal,Flying,310,35,85,45,35,35,75,39.2
85,Dodrio, ,Normal,Flying,470,60,110,70,60,60,110,85.2
86,Seel, ,Water, ,325,65,45,55,45,70,45,90
87,Dewgong, ,Water,Ice,475,90,70,80,70,95,70,120
88,Grimer, ,Poison, ,325,80,80,50,40,50,25,30
89,Muk, ,Poison, ,500,105,105,75,65,100,50,30
90,Shellder, ,Water, ,305,30,65,100,45,25,40,4
91,Cloyster, ,Water,Ice,525,50,95,180,85,45,70,132.5
92,Gastly, ,Ghost,Poison,310,30,35,30,100,35,80,0.1
93,Haunter, ,Ghost,Poison,405,45,50,45,115,55,95,0.1
94,Gengar, ,Ghost,Poison,500,60,65,60,130,75,110,40.5
95,Onix, ,Rock,Ground,385,35,45,160,30,45,70,210
96,Drowzee, ,Psychic, ,328,60,48,45,43,90,42,32.4
97,Hypno, ,Psychic, ,483,85,73,70,73,115,67,75.6
98,Krabby, ,Water, ,325,30,105,90,25,25,50,6.5
99,Kingler, ,Water, ,475,55,130,115,50,50,75,60
100,Voltorb, ,Electric, ,330,40,30,50,55,55,100,10.5
101,Electrode, ,Electric, ,490,60,50,70,80,80,150,66.6
102,Exeggcute, ,Grass,Psychic,325,60,40,80,60,45,40,2.5
103,Exeggutor, ,Grass,Psychic,530,95,95,85,125,75,55,120
104,Cubone, ,Ground, ,320,50,50,95,40,50,35,6.5
105,Marowak, ,Ground, ,425,60,80,110,50,80,45,45
106,Hitmonlee, ,Fighting, ,455,50,120,53,35,110,87,49.8
107,Hitmonchan, ,Fighting, ,455,50,105,79,35,110,76,50.2
108,Lickitung, ,Normal, ,385,90,55,75,60,75,30,65.5
109,Koffing, ,Poison, ,340,40,65,95,60,45,35,1
110,Weezing, ,Poison, ,490,65,90,120,85,70,60,9.5
111,Rhyhorn, ,Ground,Rock,345,80,85,95,30,30,25,115
112,Rhydon, ,Ground,Rock,485,105,130,120,45,45,40,120
113,Chansey, ,Normal, ,450,250,5,5,35,105,50,34.6
114,Tangela, ,Grass, ,435,65,55,115,100,40,60,35
115,Kangaskhan, ,Normal, ,490,105,95,80,40,80,90,80
116,Horsea, ,Water, ,295,30,40,70,70,25,60,8
117,Seadra, ,Water, ,440,55,65,95,95,45,85,25
118,Goldeen, ,Water, ,320,45,67,60,35,50,63,15
119,Seaking, ,Water, ,450,80,92,65,65,80,68,39
120,Staryu, ,Water, ,340,30,45,55,70,55,85,34.5
121,Starmie, ,Water,Psychic,520,60,75,85,100,85,115,80
122,Mr. Mime, ,Psychic,Fairy,460,40,45,65,100,120,90,54.5
123,Scyther, ,Bug,Flying,500,70,110,80,55,80,105,56
124,Jynx, ,Ice,Psychic,455,65,50,35,115,95,95,40.6
125,Electabuzz, ,Electric, ,490,65,83,57,95,85,105,30
126,Magmar, ,Fire, ,495,65,95,57,100,85,93,44.5
127,Pinsir, ,Bug, ,500,65,125,100,55,70,85,55
128,Tauros, ,Normal, ,490,75,100,95,40,70,110,88.4
129,Magikarp, ,Water, ,200,20,10,55,15,20,80,10
130,Gyarados, ,Water,Flying,540,95,125,79,60,100,81,235
131,Lapras, ,Water,Ice,535,130,85,80,85,95,60,220
132,Ditto, ,Normal, ,288,48,48,48,48,48,48,4
133,Eevee, ,Normal, ,325,55,55,50,45,65,55,6.5
134,Vaporeon, ,Water, ,525,130,65,60,110,95,65,29
135,Jolteon, ,Electric, ,525,65,65,60,110,95,130,24.5
136,Flareon, ,Fire, ,525,65,130,60,95,110,65,25
137,Porygon, ,Normal, ,395,65,60,70,85,75,40,36.5
138,Omanyte, ,Rock,Water,355,35,40,100,90,55,35,7.5
139,Omastar, ,Rock,Water,495,70,60,125,115,70,55,35
140,Kabuto, ,Rock,Water,355,30,80,90,55,45,55,11.5
141,Kabutops, ,Rock,Water,495,60,115,105,65,70,80,40.5
142,Aerodactyl, ,Rock,Flying,515,80,105,65,60,75,130,59
143,Snorlax, ,Normal, ,540,160,110,65,65,110,30,460
144,Articuno, ,Ice,Flying,580,90,85,100,95,125,85,55.4
145,Zapdos, ,Electric,Flying,580,90,90,85,125,90,100,52.6
146,Moltres, ,Fire,Flying,580,90,100,90,125,85,90,60
147,Dratini, ,Dragon, ,300,41,64,45,50,50,50,3.3
148,Dragonair, ,Dragon, ,420,61,84,65,70,70,70,16.5
149,Dragonite, ,Dragon,Flying,600,91,134,95,100,100,80,210
150,Mewtwo, ,Psychic, ,680,106,110,90,154,90,130,122
151,Mew, ,Psychic, ,600,100,100,100,100,100,100,4
152,Chikorita, ,Grass, ,318,45,49,65,49,65,45,6.4
153,Bayleef, ,Grass, ,405,60,62,80,63,80,60,15.8
154,Meganium, ,Grass, ,525,80,82,100,83,100,80,100.5
155,Cyndaquil, ,Fire, ,309,39,52,43,60,50,65,7.9
156,Quilava, ,Fire, ,405,58,64,58,80,65,80,19
157,Typhlosion, ,Fire, ,534,78,84,78,109,85,100,79.5
158,Totodile, ,Water, ,314,50,65,64,44,48,43,9.5
159,Croconaw, ,Water, ,405,65,80,80,59,63,58,25
160,Feraligatr, ,Water, ,530,85,105,100,79,83,78,88.8
161,Sentret, ,Normal, ,215,35,46,34,35,45,20,6
162,Furret, ,Normal, ,415,85,76,64,45,55,90,32.5
163,Hoothoot, ,Normal,Flying,262,60,30,30,36,56,50,21.2
164,Noctowl, ,Normal,Flying,452,100,50,50,86,96,70,40.8
165,Ledyba, ,Bug,Flying,265,40,20,30,40,80,55,10.8
166,Ledian, ,Bug,Flying,390,55,35,50,55,110,85,35.6
167,Spinarak, ,Bug,Poison,250,40,60,40,40,40,30,8.5
168,Ariados, ,Bug,Poison,400,70,90,70,60,70,40,33.5
169,Crobat, ,Poison,Flying,535,85,90,80,70,80,130,75
170,Chinchou, ,Water,Electric,330,75,38,38,56,56,67,12
171,Lanturn, ,Water,Electric,460,125,58,58,76,76,67,22.5
172,Pichu, ,Electric, ,205,20,40,15,35,35,60,2
173,Cleffa, ,Fairy, ,218,50,25,28,45,55,15,3
174,Igglybuff, ,Normal,Fairy,210,90,30,15,40,20,15,1
175,Togepi, ,Fairy, ,245,35,20,65,40,65,20,1.5
176,Togetic, ,Fairy,Flying,405,55,40,85,80,105,40,3.2
177,Natu, ,Psychic,Flying,320,40,50,45,70,45,70,2
178,Xatu, ,Psychic,Flying,470,65,75,70,95,70,95,15
179,Mareep, ,Electric, ,280,55,40,40,65,45,35,7.8
180,Flaaffy, ,Electric, ,365,70,55,55,80,60,45,13.3
181,Ampharos, ,Electric, ,510,90,75,85,115,90,55,61.5
182,Bellossom, ,Grass, ,490,75,80,95,90,100,50,5.8
183,Marill, ,Water,Fairy,250,70,20,50,20,50,40,8.5
184,Azumarill, ,Water,Fairy,420,100,50,80,60,80,50,28.5
185,Sudowoodo, ,Rock, ,410,70,100,115,30,65,30,38
186,Politoed, ,Water, ,500,90,75,75,90,100,70,33.9
187,Hoppip, ,Grass,Flying,250,35,35,40,35,55,50,0.5
188,Skiploom, ,Grass,Flying,340,55,45,50,45,65,80,1
189,Jumpluff, ,Grass,Flying,460,75,55,70,55,95,110,3
190,Aipom, ,Normal, ,360,55,70,55,40,55,85,11.5
191,Sunkern, ,Grass, ,180,30,30,30,30,30,30,1.8
192,Sunflora, ,Grass, ,425,75,75,55,105,85,30,8.5
193,Yanma, ,Bug,Flying,390,65,65,45,75,45,95,38
194,Wooper, ,Water,Ground,210,55,45,45,25,25,15,8.5
195,Quagsire, ,Water,Ground,430,95,85,85,65,65,35,75
196,Espeon, ,Psychic, ,525,65,65,60,130,95,110,26.5
197,Umbreon, ,Dark, ,525,95,65,110,60,130,65,27
198,Murkrow, ,Dark,Flying,405,60,85,42,85,42,91,2.1
199,Slowking, ,Water,Psychic,490,95,75,80,100,110,30,79.5
200,Misdreavus, ,Ghost, ,435,60,60,60,85,85,85,1
201,Unown, ,Psychic, ,336,48,72,48,72,48,48,5
202,Wobbuffet, ,Psychic, ,405,190,33,58,33,58,33,28.5
203,Girafarig, ,Normal,Psychic,455,70,80,65,90,65,85,41.5
204,Pineco, ,Bug, ,290,50,65,90,35,35,15,7.2
205,Forretress, ,Bug,Steel,465,75,90,140,60,60,40,125.8
206,Dunsparce, ,Normal, ,415,100,70,70,65,65,45,14
207,Gligar, ,Ground,Flying,430,65,75,105,35,65,85,64.8
208,Steelix, ,Steel,Ground,510,75,85,200,55,65,30,400
209,Snubbull, ,Fairy, ,300,60,80,50,40,40,30,7.8
210,Granbull, ,Fairy, ,450,90,120,75,60,60,45,48.7
211,Qwilfish, ,Water,Poison,440,65,95,85,55,55,85,3.9
212,Scizor, ,Bug,Steel,500,70,130,100,55,80,65,118
213,Shuckle, ,Bug,Rock,505,20,10,230,10,230,5,20.5
214,Heracross, ,Bug,Fighting,500,80,125,75,40,95,85,54
215,Sneasel, ,Dark,Ice,430,55,95,55,35,75,115,28
216,Teddiursa, ,Normal, ,330,60,80,50,50,50,40,8.8
217,Ursaring, ,Normal, ,500,90,130,75,75,75,55,125.8
218,Slugma, ,Fire, ,250,40,40,40,70,40,20,35
219,Magcargo, ,Fire,Rock,430,60,50,120,90,80,30,55
220,Swinub, ,Ice,Ground,250,50,50,40,30,30,50,6.5
221,Piloswine, ,Ice,Ground,450,100,100,80,60,60,50,55.8
222,Corsola, ,Water,Rock,410,65,55,95,65,95,35,5
223,Remoraid, ,Water, ,300,35,65,35,65,35,65,12
224,Octillery, ,Water, ,480,75,105,75,105,75,45,28.5
225,Delibird, ,Ice,Flying,330,45,55,45,65,45,75,16
226,Mantine, ,Water,Flying,485,85,40,70,80,140,70,220
227,Skarmory, ,Steel,Flying,465,65,80,140,40,70,70,50.5
228,Houndour, ,Dark,Fire,330,45,60,30,80,50,65,10.8
229,Houndoom, ,Dark,Fire,500,75,90,50,110,80,95,35
230,Kingdra, ,Water,Dragon,540,75,95,95,95,95,85,152
231,Phanpy, ,Ground, ,330,90,60,60,40,40,40,33.5
232,Donphan, ,Ground, ,500,90,120,120,60,60,50,120
233,Porygon2, ,Normal, ,515,85,80,90,105,95,60,32.5
234,Stantler, ,Normal, ,465,73,95,62,85,65,85,71.2
235,Smeargle, ,Normal, ,250,55,20,35,20,45,75,58
236,Tyrogue, ,Fighting, ,210,35,35,35,35,35,35,21
237,Hitmontop, ,Fighting, ,455,50,95,95,35,110,70,48
238,Smoochum, ,Ice,Psychic,305,45,30,15,85,65,65,6
239,Elekid, ,Electric, ,360,45,63,37,65,55,95,23.5
240,Magby, ,Fire, ,365,45,75,37,70,55,83,21.4
241,Miltank, ,Normal, ,490,95,80,105,40,70,100,75.5
242,Blissey, ,Normal, ,540,255,10,10,75,135,55,46.8
243,Raikou, ,Electric, ,580,90,85,75,115,100,115,178
244,Entei, ,Fire, ,580,115,115,85,90,75,100,198
245,Suicune, ,Water, ,580,100,75,115,90,115,85,187
246,Larvitar, ,Rock,Ground,300,50,64,50,45,50,41,72
247,Pupitar, ,Rock,Ground,410,70,84,70,65,70,51,152
248,Tyranitar, ,Rock,Dark,600,100,134,110,95,100,61,202
249,Lugia, ,Psychic,Flying,680,106,90,130,90,154,110,216
250,Ho-oh, ,Fire,Flying,680,106,130,90,110,154,90,199
251,Celebi, ,Psychic,Grass,600,100,100,100,100,100,100,5
252,Treecko, ,Grass, ,310,40,45,35,65,55,70,5
253,Grovyle, ,Grass, ,405,50,65,45,85,65,95,21.6
254,Sceptile, ,Grass, ,530,70,85,65,105,85,120,52.2
255,Torchic, ,Fire, ,310,45,60,40,70,50,45,2.5
256,Combusken, ,Fire,Fighting,405,60,85,60,85,60,55,19.5
257,Blaziken, ,Fire,Fighting,530,80,120,70,110,70,80,52
258,Mudkip, ,Water, ,310,50,70,50,50,50,40,7.6
259,Marshtomp, ,Water,Ground,405,70,85,70,60,70,50,28
260,Swampert, ,Water,Ground,535,100,110,90,85,90,60,81.9
261,Poochyena, ,Dark, ,220,35,55,35,30,30,35,13.6
262,Mightyena, ,Dark, ,420,70,90,70,60,60,70,37
263,Zigzagoon, ,Normal, ,240,38,30,41,30,41,60,17.5
264,Linoone, ,Normal, ,420,78,70,61,50,61,100,32.5
265,Wurmple, ,Bug, ,195,45,45,35,20,30,20,3.6
266,Silcoon, ,Bug, ,205,50,35,55,25,25,15,10
267,Beautifly, ,Bug,Flying,395,60,70,50,100,50,65,28.4
268,Cascoon, ,Bug, ,205,50,35,55,25,25,15,11.5
269,Dustox, ,Bug,Poison,385,60,50,70,50,90,65,31.6
270,Lotad, ,Water,Grass,220,40,30,30,40,50,30,2.6
271,Lombre, ,Water,Grass,340,60,50,50,60,70,50,32.5
272,Ludicolo, ,Water,Grass,480,80,70,70,90,100,70,55
273,Seedot, ,Grass, ,220,40,40,50,30,30,30,4
274,Nuzleaf, ,Grass,Dark,340,70,70,40,60,40,60,28
275,Shiftry, ,Grass,Dark,480,90,100,60,90,60,80,59.6
276,Taillow, ,Normal,Flying,270,40,55,30,30,30,85,2.3
277,Swellow, ,Normal,Flying,455,60,85,60,75,50,125,19.8
278,Wingull, ,Water,Flying,270,40,30,30,55,30,85,9.5
279,Pelipper, ,Water,Flying,440,60,50,100,95,70,65,28
280,Ralts, ,Psychic,Fairy,198,28,25,25,45,35,40,6.6
281,Kirlia, ,Psychic,Fairy,278,38,35,35,65,55,50,20.2
282,Gardevoir, ,Psychic,Fairy,518,68,65,65,125,115,80,48.4
283,Surskit, ,Bug,Water,269,40,30,32,50,52,65,1.7
284,Masquerain, ,Bug,Flying,454,70,60,62,100,82,80,3.6
285,Shroomish, ,Grass, ,295,60,40,60,40,60,35,4.5
286,Breloom, ,Grass,Fighting,460,60,130,80,60,60,70,39.2
287,Slakoth, ,Normal, ,280,60,60,60,35,35,30,24
288,Vigoroth, ,Normal, ,440,80,80,80,55,55,90,46.5
289,Slaking, ,Normal, ,670,150,160,100,95,65,100,130.5
290,Nincada, ,Bug,Ground,266,31,45,90,30,30,40,5.5
291,Ninjask, ,Bug,Flying,456,61,90,45,50,50,160,12
292,Shedinja, ,Bug,Ghost,236,1,90,45,30,30,40,1.2
293,Whismur, ,Normal, ,240,64,51,23,51,23,28,16.3
294,Loudred, ,Normal, ,360,84,71,43,71,43,48,40.5
295,Exploud, ,Normal, ,490,104,91,63,91,73,68,84
296,Makuhita, ,Fighting, ,237,72,60,30,20,30,25,86.4
297,Hariyama, ,Fighting, ,474,144,120,60,40,60,50,253.8
298,Azurill, ,Normal,Fairy,190,50,20,40,20,40,20,2
299,Nosepass, ,Rock, ,375,30,45,135,45,90,30,97
300,Skitty, ,Normal, ,260,50,45,45,35,35,50,11
301,Delcatty, ,Normal, ,400,70,65,65,55,55,90,32.6
302,Sableye, ,Dark,Ghost,380,50,75,75,65,65,50,11
303,Mawile, ,Steel,Fairy,380,50,85,85,55,55,50,11.5
304,Aron, ,Steel,Rock,330,50,70,100,40,40,30,60
305,Lairon, ,Steel,Rock,430,60,90,140,50,50,40,120
306,Aggron, ,Steel,Rock,530,70,110,180,60,60,50,360
307,Meditite, ,Fighting,Psychic,280,30,40,55,40,55,60,11.2
308,Medicham, ,Fighting,Psychic,410,60,60,75,60,75,80,31.5
309,Electrike, ,Electric, ,295,40,45,40,65,40,65,15.2
310,Manectric, ,Electric, ,475,70,75,60,105,60,105,40.2
311,Plusle, ,Electric, ,405,60,50,40,85,75,95,4.2
312,Minun, ,Electric, ,405,60,40,50,75,85,95,4.2
313,Volbeat, ,Bug, ,430,65,73,75,47,85,85,17.7
314,Illumise, ,Bug, ,430,65,47,75,73,85,85,17.7
315,Roselia, ,Grass,Poison,400,50,60,45,100,80,65,2
316,Gulpin, ,Poison, ,302,70,43,53,43,53,40,10.3
317,Swalot, ,Poison, ,467,100,73,83,73,83,55,80
318,Carvanha, ,Water,Dark,305,45,90,20,65,20,65,20.8
319,Sharpedo, ,Water,Dark,460,70,120,40,95,40,95,88.8
320,Wailmer, ,Water, ,400,130,70,35,70,35,60,130
321,Wailord, ,Water, ,500,170,90,45,90,45,60,398
322,Numel, ,Fire,Ground,305,60,60,40,65,45,35,24
323,Camerupt, ,Fire,Ground,460,70,100,70,105,75,40,220
324,Torkoal, ,Fire, ,470,70,85,140,85,70,20,80.4
325,Spoink, ,Psychic, ,330,60,25,35,70,80,60,30.6
326,Grumpig, ,Psychic, ,470,80,45,65,90,110,80,71.5
327,Spinda, ,Normal, ,360,60,60,60,60,60,60,5
328,Trapinch, ,Ground, ,290,45,100,45,45,45,10,15
329,Vibrava, ,Ground,Dragon,340,50,70,50,50,50,70,15.3
330,Flygon, ,Ground,Dragon,520,80,100,80,80,80,100,82
331,Cacnea, ,Grass, ,335,50,85,40,85,40,35,51.3
332,Cacturne, ,Grass,Dark,475,70,115,60,115,60,55,77.4
333,Swablu, ,Normal,Flying,310,45,40,60,40,75,50,1.2
334,Altaria, ,Dragon,Flying,490,75,70,90,70,105,80,20.6
335,Zangoose, ,Normal, ,458,73,115,60,60,60,90,40.3
336,Seviper, ,Poison, ,458,73,100,60,100,60,65,52.5
337,Lunatone, ,Rock,Psychic,460,90,55,65,95,85,70,168
338,Solrock, ,Rock,Psychic,460,90,95,85,55,65,70,154
339,Barboach, ,Water,Ground,288,50,48,43,46,41,60,1.9
340,Whiscash, ,Water,Ground,468,110,78,73,76,71,60,23.6
341,Corphish, ,Water, ,308,43,80,65,50,35,35,11.5
342,Crawdaunt, ,Water,Dark,468,63,120,85,90,55,55,32.8
343,Baltoy, ,Ground,Psychic,300,40,40,55,40,70,55,21.5
344,Claydol, ,Ground,Psychic,500,60,70,105,70,120,75,107.9
345,Lileep, ,Rock,Grass,355,66,41,77,61,87,23,23.8
346,Cradily, ,Rock,Grass,495,86,81,97,81,107,43,60.4
347,Anorith, ,Rock,Bug,355,45,95,50,40,50,75,12.5
348,Armaldo, ,Rock,Bug,495,75,125,100,70,80,45,68.2
349,Feebas, ,Water, ,200,20,15,20,10,55,80,7.4
350,Milotic, ,Water, ,540,95,60,79,100,125,81,162
351,Castform, ,Normal, ,420,70,70,70,70,70,70,0.8
351,Castform,Sunny Form,Fire, ,420,70,70,70,70,70,70,0.8
351,Castform,Rainy Form,Water, ,420,70,70,70,70,70,70,0.8
351,Castform,Snowy Form,Ice, ,420,70,70,70,70,70,70,0.8
352,Kecleon, ,Normal, ,440,60,90,70,60,120,40,22
353,Shuppet, ,Ghost, ,295,44,75,35,63,33,45,2.3
354,Banette, ,Ghost, ,455,64,115,65,83,63,65,12.5
355,Duskull, ,Ghost, ,295,20,40,90,30,90,25,15
356,Dusclops, ,Ghost, ,455,40,70,130,60,130,25,30.6
357,Tropius, ,Grass,Flying,460,99,68,83,72,87,51,100
358,Chimecho, ,Psychic, ,455,75,50,80,95,90,65,1
359,Absol, ,Dark, ,465,65,130,60,75,60,75,47
360,Wynaut, ,Psychic, ,260,95,23,48,23,48,23,14
361,Snorunt, ,Ice, ,300,50,50,50,50,50,50,16.8
362,Glalie, ,Ice, ,480,80,80,80,80,80,80,256.5
363,Spheal, ,Ice,Water,290,70,40,50,55,50,25,39.5
364,Sealeo, ,Ice,Water,410,90,60,70,75,70,45,87.6
365,Walrein, ,Ice,Water,530,110,80,90,95,90,65,150.6
366,Clamperl, ,Water, ,345,35,64,85,74,55,32,52.5
367,Huntail, ,Water, ,485,55,104,105,94,75,52,27
368,Gorebyss, ,Water, ,485,55,84,105,114,75,52,22.6
369,Relicanth, ,Water,Rock,485,100,90,130,45,65,55,23.4
370,Luvdisc, ,Water, ,330,43,30,55,40,65,97,8.7
371,Bagon, ,Dragon, ,300,45,75,60,40,30,50,42.1
372,Shelgon, ,Dragon, ,420,65,95,100,60,50,50,110.5
373,Salamence, ,Dragon,Flying,600,95,135,80,110,80,100,102.6
374,Beldum, ,Steel,Psychic,300,40,55,80,35,60,30,95.2
375,Metang, ,Steel,Psychic,420,60,75,100,55,80,50,202.5
376,Metagross, ,Steel,Psychic,600,80,135,130,95,90,70,550
377,Regirock, ,Rock, ,580,80,100,200,50,100,50,230
378,Regice, ,Ice, ,580,80,50,100,100,200,50,175
379,Registeel, ,Steel, ,580,80,75,150,75,150,50,205
380,Latias, ,Dragon,Psychic,600,80,80,90,110,130,110,40
381,Latios, ,Dragon,Psychic,600,80,90,80,130,110,110,60
382,Kyogre, ,Water, ,670,100,100,90,150,140,90,352
383,Groudon, ,Ground, ,670,100,150,140,100,90,90,950
384,Rayquaza, ,Dragon,Flying,680,105,150,90,150,90,95,206.5
385,Jirachi, ,Steel,Psychic,600,100,100,100,100,100,100,1.1
386,Deoxys,Normal Forme,Psychic, ,600,50,150,50,150,50,150,60.8
386,Deoxys,Attack Forme,Psychic, ,600,50,180,20,180,20,150,60.8
386,Deoxys,Defense Forme,Psychic, ,600,50,70,160,70,160,90,60.8
386,Deoxys,Speed Forme,Psychic, ,600,50,95,90,95,90,180,60.8
387,Turtwig, ,Grass, ,318,55,68,64,45,55,31,10.2
388,Grotle, ,Grass, ,405,75,89,85,55,65,36,97
389,Torterra, ,Grass,Ground,525,95,109,105,75,85,56,310
390,Chimchar, ,Fire, ,309,44,58,44,58,44,61,6.2
391,Monferno, ,Fire,Fighting,405,64,78,52,78,52,81,22
392,Infernape, ,Fire,Fighting,534,76,104,71,104,71,108,55
393,Piplup, ,Water, ,314,53,51,53,61,56,40,5.2
394,Prinplup, ,Water, ,405,64,66,68,81,76,50,23
395,Empoleon, ,Water,Steel,530,84,86,88,111,101,60,84.5
396,Starly, ,Normal,Flying,245,40,55,30,30,30,60,2
397,Staravia, ,Normal,Flying,340,55,75,50,40,40,80,15.5
398,Staraptor, ,Normal,Flying,485,85,120,70,50,60,100,24.9
399,Bidoof, ,Normal, ,250,59,45,40,35,40,31,20
400,Bibarel, ,Normal,Water,410,79,85,60,55,60,71,31.5
401,Kricketot, ,Bug, ,194,37,25,41,25,41,25,2.2
402,Kricketune, ,Bug, ,384,77,85,51,55,51,65,25.5
403,Shinx, ,Electric, ,263,45,65,34,40,34,45,9.5
404,Luxio, ,Electric, ,363,60,85,49,60,49,60,30.5
405,Luxray, ,Electric, ,523,80,120,79,95,79,70,42
406,Budew, ,Grass,Poison,280,40,30,35,50,70,55,1.2
407,Roserade, ,Grass,Poison,515,60,70,65,125,105,90,14.5
408,Cranidos, ,Rock, ,350,67,125,40,30,30,58,31.5
409,Rampardos, ,Rock, ,495,97,165,60,65,50,58,102.5
410,Shieldon, ,Rock,Steel,350,30,42,118,42,88,30,57
411,Bastiodon, ,Rock,Steel,495,60,52,168,47,138,30,149.5
412,Burmy,Plant Cloak,Bug, ,224,40,29,45,29,45,36,3.4
412,Burmy,Sandy Cloak,Bug, ,224,40,29,45,29,45,36,3.4
412,Burmy,Trash Cloak,Bug, ,224,40,29,45,29,45,36,3.4
413,Wormadam,Plant Cloak,Bug,Grass,424,60,59,85,79,105,36,6.5
413,Wormadam,Sandy Cloak,Bug,Ground,424,60,79,105,59,85,36,6.5
413,Wormadam,Trash Cloak,Bug,Steel,424,60,69,95,69,95,36,6.5
414,Mothim, ,Bug,Flying,424,70,94,50,94,50,66,23.3
415,Combee, ,Bug,Flying,244,30,30,42,30,42,70,5.5
416,Vespiquen, ,Bug,Flying,474,70,80,102,80,102,40,38.5
417,Pachirisu, ,Electric, ,405,60,45,70,45,90,95,3.9
418,Buizel, ,Water, ,330,55,65,35,60,30,85,29.5
419,Floatzel, ,Water, ,495,85,105,55,85,50,115,33.5
420,Cherubi, ,Grass, ,275,45,35,45,62,53,35,3.3
421,Cherrim, ,Grass, ,450,70,60,70,87,78,85,9.3
422,Shellos, ,Water, ,325,76,48,48,57,62,34,6.3
423,Gastrodon, ,Water,Ground,475,111,83,68,92,82,39,29.9
424,Ambipom, ,Normal, ,482,75,100,66,60,66,115,20.3
425,Drifloon, ,Ghost,Flying,348,90,50,34,60,44,70,1.2
426,Drifblim, ,Ghost,Flying,498,150,80,44,90,54,80,15
427,Buneary, ,Normal, ,350,55,66,44,44,56,85,5.5
428,Lopunny, ,Normal, ,480,65,76,84,54,96,105,33.3
429,Mismagius, ,Ghost, ,495,60,60,60,105,105,105,4.4
430,Honchkrow, ,Dark,Flying,505,100,125,52,105,52,71,27.3
431,Glameow, ,Normal, ,310,49,55,42,42,37,85,3.9
432,Purugly, ,Normal, ,452,71,82,64,64,59,112,43.8
433,Chingling, ,Psychic, ,285,45,30,50,65,50,45,0.6
434,Stunky, ,Poison,Dark,329,63,63,47,41,41,74,19.2
435,Skuntank, ,Poison,Dark,479,103,93,67,71,61,84,38
436,Bronzor, ,Steel,Psychic,300,57,24,86,24,86,23,60.5
437,Bronzong, ,Steel,Psychic,500,67,89,116,79,116,33,187
438,Bonsly, ,Rock, ,290,50,80,95,10,45,10,15
439,Mime Jr., ,Psychic,Fairy,310,20,25,45,70,90,60,13
440,Happiny, ,Normal, ,220,100,5,5,15,65,30,24.4
441,Chatot, ,Normal,Flying,411,76,65,45,92,42,91,1.9
442,Spiritomb, ,Ghost,Dark,485,50,92,108,92,108,35,108
443,Gible, ,Dragon,Ground,300,58,70,45,40,45,42,20.5
444,Gabite, ,Dragon,Ground,410,68,90,65,50,55,82,56
445,Garchomp, ,Dragon,Ground,600,108,130,95,80,85,102,95
446,Munchlax, ,Normal, ,390,135,85,40,40,85,5,105
447,Riolu, ,Fighting, ,285,40,70,40,35,40,60,20.2
448,Lucario, ,Fighting,Steel,525,70,110,70,115,70,90,54
449,Hippopotas, ,Ground, ,330,68,72,78,38,42,32,49.5
450,Hippowdon, ,Ground, ,525,108,112,118,68,72,47,300
451,Skorupi, ,Poison,Bug,330,40,50,90,30,55,65,12
452,Drapion, ,Poison,Dark,500,70,90,110,60,75,95,61.5
453,Croagunk, ,Poison,Fighting,300,48,61,40,61,40,50,23
454,Toxicroak, ,Poison,Fighting,490,83,106,65,86,65,85,44.4
455,Carnivine, ,Grass, ,454,74,100,72,90,72,46,27
456,Finneon, ,Water, ,330,49,49,56,49,61,66,7
457,Lumineon, ,Water, ,460,69,69,76,69,86,91,24
458,Mantyke, ,Water,Flying,345,45,20,50,60,120,50,65
459,Snover, ,Grass,Ice,334,60,62,50,62,60,40,50.5
460,Abomasnow, ,Grass,Ice,494,90,92,75,92,85,60,135.5
461,Weavile, ,Dark,Ice,510,70,120,65,45,85,125,34
462,Magnezone, ,Electric,Steel,535,70,70,115,130,90,60,180
463,Lickilicky, ,Normal, ,515,110,85,95,80,95,50,140
464,Rhyperior, ,Ground,Rock,535,115,140,130,55,55,40,282.8
465,Tangrowth, ,Grass, ,535,100,100,125,110,50,50,128.6
466,Electivire, ,Electric, ,540,75,123,67,95,85,95,138.6
467,Magmortar, ,Fire, ,540,75,95,67,125,95,83,68
468,Togekiss, ,Fairy,Flying,545,85,50,95,120,115,80,38
469,Yanmega, ,Bug,Flying,515,86,76,86,116,56,95,51.5
470,Leafeon, ,Grass, ,525,65,110,130,60,65,95,25.5
471,Glaceon, ,Ice, ,525,65,60,110,130,95,65,25.9
472,Gliscor, ,Ground,Flying,510,75,95,125,45,75,95,42.5
473,Mamoswine, ,Ice,Ground,530,110,130,80,70,60,80,291
474,Porygon-Z, ,Normal, ,535,85,80,70,135,75,90,34
475,Gallade, ,Psychic,Fighting,518,68,125,65,65,115,80,52
476,Probopass, ,Rock,Steel,525,60,55,145,75,150,40,340
477,Dusknoir, ,Ghost, ,525,45,100,135,65,135,45,106.6
478,Froslass, ,Ice,Ghost,480,70,80,70,80,70,110,26.6
479,Rotom, ,Electric,Ghost,440,50,50,77,95,77,91,0.3
479,Rotom,Heat Rotom,Electric,Fire,520,50,65,107,105,107,86,0.3
479,Rotom,Wash Rotom,Electric,Water,520,50,65,107,105,107,86,0.3
479,Rotom,Frost Rotom,Electric,Ice,520,50,65,107,105,107,86,0.3
479,Rotom,Fan Rotom,Electric,Flying,520,50,65,107,105,107,86,0.3
479,Rotom,Mow Rotom,Electric,Grass,520,50,65,107,105,107,86,0.3
480,Uxie, ,Psychic, ,580,75,75,130,75,130,95,0.3
481,Mesprit, ,Psychic, ,580,80,105,105,105,105,80,0.3
482,Azelf, ,Psychic, ,580,75,125,70,125,70,115,0.3
483,Dialga, ,Steel,Dragon,680,100,120,120,150,100,90,683
484,Palkia, ,Water,Dragon,680,90,120,100,150,120,100,336
485,Heatran, ,Fire,Steel,600,91,90,106,130,106,77,430
486,Regigigas, ,Normal, ,670,110,160,110,80,110,100,420
487,Giratina,Altered Forme,Ghost,Dragon,680,150,100,120,100,120,90,750
487,Giratina,Origin Forme,Ghost,Dragon,680,150,120,100,120,100,90,650
488,Cresselia, ,Psychic, ,580,120,70,110,75,120,85,85.6
489,Phione, ,Water, ,480,80,80,80,80,80,80,3.1
490,Manaphy, ,Water, ,600,100,100,100,100,100,100,1.4
491,Darkrai, ,Dark, ,600,70,90,90,135,90,125,50.5
492,Shaymin,Land Forme,Grass, ,600,100,100,100,100,100,100,2.1
492,Shaymin,Sky Forme,Grass,Flying,600,100,103,75,120,75,127,5.2
493,Arceus, ,Normal, ,720,120,120,120,120,120,120,320
494,Victini, ,Psychic,Fire,600,100,100,100,100,100,100,4
495,Snivy, ,Grass, ,308,45,45,55,45,55,63,8.1
496,Servine, ,Grass, ,413,60,60,75,60,75,83,16
497,Serperior, ,Grass, ,528,75,75,95,75,95,113,63
498,Tepig, ,Fire, ,308,65,63,45,45,45,45,9.9
499,Pignite, ,Fire,Fighting,418,90,93,55,70,55,55,55.5
500,Emboar, ,Fire,Fighting,528,110,123,65,100,65,65,150
501,Oshawott, ,Water, ,308,55,55,45,63,45,45,5.9
502,Dewott, ,Water, ,413,75,75,60,83,60,60,24.5
503,Samurott, ,Water, ,528,95,100,85,108,70,70,94.6
504,Patrat, ,Normal, ,255,45,55,39,35,39,42,11.6
505,Watchog, ,Normal, ,420,60,85,69,60,69,77,27
506,Lillipup, ,Normal, ,275,45,60,45,25,45,55,4.1
507,Herdier, ,Normal, ,370,65,80,65,35,65,60,14.7
508,Stoutland, ,Normal, ,500,85,110,90,45,90,80,61
509,Purrloin, ,Dark, ,281,41,50,37,50,37,66,10.1
510,Liepard, ,Dark, ,446,64,88,50,88,50,106,37.5
511,Pansage, ,Grass, ,316,50,53,48,53,48,64,10.5
512,Simisage, ,Grass, ,498,75,98,63,98,63,101,30.5
513,Pansear, ,Fire, ,316,50,53,48,53,48,64,11
514,Simisear, ,Fire, ,498,75,98,63,98,63,101,28
515,Panpour, ,Water, ,316,50,53,48,53,48,64,13.5
516,Simipour, ,Water, ,498,75,98,63,98,63,101,29
517,Munna, ,Psychic, ,292,76,25,45,67,55,24,23.3
518,Musharna, ,Psychic, ,487,116,55,85,107,95,29,60.5
519,Pidove, ,Normal,Flying,264,50,55,50,36,30,43,2.1
520,Tranquill, ,Normal,Flying,358,62,77,62,50,42,65,15
521,Unfezant, ,Normal,Flying,488,80,115,80,65,55,93,29
522,Blitzle, ,Electric, ,295,45,60,32,50,32,76,29.8
523,Zebstrika, ,Electric, ,497,75,100,63,80,63,116,79.5
524,Roggenrola, ,Rock, ,280,55,75,85,25,25,15,18
525,Boldore, ,Rock, ,390,70,105,105,50,40,20,102
526,Gigalith, ,Rock, ,515,85,135,130,60,80,25,260
527,Woobat, ,Psychic,Flying,323,65,45,43,55,43,72,2.1
528,Swoobat, ,Psychic,Flying,425,67,57,55,77,55,114,10.5
529,Drilbur, ,Ground, ,328,60,85,40,30,45,68,8.5
530,Excadrill, ,Ground,Steel,508,110,135,60,50,65,88,40.4
531,Audino, ,Normal, ,445,103,60,86,60,86,50,31
532,Timburr, ,Fighting, ,305,75,80,55,25,35,35,12.5
533,Gurdurr, ,Fighting, ,405,85,105,85,40,50,40,40
534,Conkeldurr, ,Fighting, ,505,105,140,95,55,65,45,87
535,Tympole, ,Water, ,294,50,50,40,50,40,64,4.5
536,Palpitoad, ,Water,Ground,384,75,65,55,65,55,69,17
537,Seismitoad, ,Water,Ground,509,105,95,75,85,75,74,62
538,Throh, ,Fighting, ,465,120,100,85,30,85,45,55.5
539,Sawk, ,Fighting, ,465,75,125,75,30,75,85,41
540,Sewaddle, ,Bug,Grass,310,45,53,70,40,60,42,2.5
541,Swadloon, ,Bug,Grass,380,55,63,90,50,80,42,7.3
542,Leavanny, ,Bug,Grass,500,75,103,80,70,80,92,20.5
543,Venipede, ,Bug,Poison,260,30,45,59,30,39,57,5.3
544,Whirlipede, ,Bug,Poison,360,40,55,99,40,79,47,58.5
545,Scolipede, ,Bug,Poison,485,60,100,89,55,69,112,200.5
546,Cottonee, ,Grass,Fairy,280,40,27,60,37,50,66,0.6
547,Whimsicott, ,Grass,Fairy,480,60,67,85,77,75,116,6.6
548,Petilil, ,Grass, ,280,45,35,50,70,50,30,6.6
549,Lilligant, ,Grass, ,480,70,60,75,110,75,90,16.3
550,Basculin,Red-Striped Form,Water, ,460,70,92,65,80,55,98,18
550,Basculin,Blue-Striped Form,Water, ,460,70,92,65,80,55,98,18
551,Sandile, ,Ground,Dark,292,50,72,35,35,35,65,15.2
552,Krokorok, ,Ground,Dark,351,60,82,45,45,45,74,33.4
553,Krookodile, ,Ground,Dark,519,95,117,80,65,70,92,96.3
554,Darumaka, ,Fire, ,315,70,90,45,15,45,50,37.5
555,Darmanitan,Standard Mode,Fire, ,480,105,140,55,30,55,95,92.9
555,Darmanitan,Zen Mode,Fire,Psychic,540,105,30,105,140,105,55,92.9
556,Maractus, ,Grass, ,461,75,86,67,106,67,60,28
557,Dwebble, ,Bug,Rock,325,50,65,85,35,35,55,14.5
558,Crustle, ,Bug,Rock,485,70,105,125,65,75,45,200
559,Scraggy, ,Dark,Fighting,348,50,75,70,35,70,48,11.8
560,Scrafty, ,Dark,Fighting,488,65,90,115,45,115,58,30
561,Sigilyph, ,Psychic,Flying,490,72,58,80,103,80,97,14
562,Yamask, ,Ghost, ,303,38,30,85,55,65,30,1.5
563,Cofagrigus, ,Ghost, ,483,58,50,145,95,105,30,76.5
564,Tirtouga, ,Water,Rock,355,54,78,103,53,45,22,16.5
565,Carracosta, ,Water,Rock,495,74,108,133,83,65,32,81
566,Archen, ,Rock,Flying,401,55,112,45,74,45,70,9.5
567,Archeops, ,Rock,Flying,567,75,140,65,112,65,110,32
568,Trubbish, ,Poison, ,329,50,50,62,40,62,65,31
569,Garbodor, ,Poison, ,474,80,95,82,60,82,75,107.3
570,Zorua, ,Dark, ,330,40,65,40,80,40,65,12.5
571,Zoroark, ,Dark, ,510,60,105,60,120,60,105,81.1
572,Minccino, ,Normal, ,300,55,50,40,40,40,75,5.8
573,Cinccino, ,Normal, ,470,75,95,60,65,60,115,7.5
574,Gothita, ,Psychic, ,290,45,30,50,55,65,45,5.8
575,Gothorita, ,Psychic, ,390,60,45,70,75,85,55,18
576,Gothitelle, ,Psychic, ,490,70,55,95,95,110,65,44
577,Solosis, ,Psychic, ,290,45,30,40,105,50,20,1
578,Duosion, ,Psychic, ,370,65,40,50,125,60,30,8
579,Reuniclus, ,Psychic, ,490,110,65,75,125,85,30,20.1
580,Ducklett, ,Water,Flying,305,62,44,50,44,50,55,5.5
581,Swanna, ,Water,Flying,473,75,87,63,87,63,98,24.2
582,Vanillite, ,Ice, ,305,36,50,50,65,60,44,5.7
583,Vanillish, ,Ice, ,395,51,65,65,80,75,59,41
584,Vanilluxe, ,Ice, ,535,71,95,85,110,95,79,57.5
585,Deerling, ,Normal,Grass,335,60,60,50,40,50,75,19.5
586,Sawsbuck, ,Normal,Grass,475,80,100,70,60,70,95,92.5
587,Emolga, ,Electric,Flying,428,55,75,60,75,60,103,5
588,Karrablast, ,Bug, ,315,50,75,45,40,45,60,5.9
589,Escavalier, ,Bug,Steel,495,70,135,105,60,105,20,33
590,Foongus, ,Grass,Poison,294,69,55,45,55,55,15,1
591,Amoonguss, ,Grass,Poison,464,114,85,70,85,80,30,10.5
592,Frillish, ,Water,Ghost,335,55,40,50,65,85,40,33
593,Jellicent, ,Water,Ghost,480,100,60,70,85,105,60,135
594,Alomomola, ,Water, ,470,165,75,80,40,45,65,31.6
595,Joltik, ,Bug,Electric,319,50,47,50,57,50,65,0.6
596,Galvantula, ,Bug,Electric,472,70,77,60,97,60,108,14.3
597,Ferroseed, ,Grass,Steel,305,44,50,91,24,86,10,18.8
598,Ferrothorn, ,Grass,Steel,489,74,94,131,54,116,20,110
599,Klink, ,Steel, ,300,40,55,70,45,60,30,21
600,Klang, ,Steel, ,440,60,80,95,70,85,50,51
601,Klinklang, ,Steel, ,520,60,100,115,70,85,90,81
602,Tynamo, ,Electric, ,275,35,55,40,45,40,60,0.3
603,Eelektrik, ,Electric, ,405,65,85,70,75,70,40,22
604,Eelektross, ,Electric, ,515,85,115,80,105,80,50,80.5
605,Elgyem, ,Psychic, ,335,55,55,55,85,55,30,9
606,Beheeyem, ,Psychic, ,485,75,75,75,125,95,40,34.5
607,Litwick, ,Ghost,Fire,275,50,30,55,65,55,20,3.1
608,Lampent, ,Ghost,Fire,370,60,40,60,95,60,55,13
609,Chandelure, ,Ghost,Fire,520,60,55,90,145,90,80,34.3
610,Axew, ,Dragon, ,320,46,87,60,30,40,57,18
611,Fraxure, ,Dragon, ,410,66,117,70,40,50,67,36
612,Haxorus, ,Dragon, ,540,76,147,90,60,70,97,105.5
613,Cubchoo, ,Ice, ,305,55,70,40,60,40,40,8.5
614,Beartic, ,Ice, ,505,95,130,80,70,80,50,260
615,Cryogonal, ,Ice, ,515,80,50,50,95,135,105,148
616,Shelmet, ,Bug, ,305,50,40,85,40,65,25,7.7
617,Accelgor, ,Bug, ,495,80,70,40,100,60,145,25.3
618,Stunfisk, ,Ground,Electric,471,109,66,84,81,99,32,11
619,Mienfoo, ,Fighting, ,350,45,85,50,55,50,65,20
620,Mienshao, ,Fighting, ,510,65,125,60,95,60,105,35.5
621,Druddigon, ,Dragon, ,485,77,120,90,60,90,48,139
622,Golett, ,Ground,Ghost,303,59,74,50,35,50,35,92
623,Golurk, ,Ground,Ghost,483,89,124,80,55,80,55,330
624,Pawniard, ,Dark,Steel,340,45,85,70,40,40,60,10.2
625,Bisharp, ,Dark,Steel,490,65,125,100,60,70,70,70
626,Bouffalant, ,Normal, ,490,95,110,95,40,95,55,94.5
627,Rufflet, ,Normal,Flying,350,70,83,50,37,50,60,10.5
628,Braviary, ,Normal,Flying,510,100,123,75,57,75,80,41
629,Vullaby, ,Dark,Flying,370,70,55,75,45,65,60,9
630,Mandibuzz, ,Dark,Flying,510,110,65,105,55,95,80,39.5
631,Heatmor, ,Fire, ,484,85,97,66,105,66,65,58
632,Durant, ,Bug,Steel,484,58,109,112,48,48,109,33
633,Deino, ,Dark,Dragon,300,52,65,50,45,50,38,17.3
634,Zweilous, ,Dark,Dragon,420,72,85,70,65,70,58,50
635,Hydreigon, ,Dark,Dragon,600,92,105,90,125,90,98,160
636,Larvesta, ,Bug,Fire,360,55,85,55,50,55,60,28.8
637,Volcarona, ,Bug,Fire,550,85,60,65,135,105,100,46
638,Cobalion, ,Steel,Fighting,580,91,90,129,90,72,108,250
639,Terrakion, ,Rock,Fighting,580,91,129,90,72,90,108,260
640,Virizion, ,Grass,Fighting,580,91,90,72,90,129,108,200
641,Tornadus,Incarnate Forme,Flying, ,580,79,115,70,125,80,111,63
641,Tornadus,Therian Forme,Flying, ,580,79,100,80,110,90,121,63
642,Thundurus,Incarnate Forme,Electric,Flying,580,79,115,70,125,80,111,61
642,Thundurus,Therian Forme,Electric,Flying,580,79,105,70,145,80,101,61
643,Reshiram, ,Dragon,Fire,680,100,120,100,150,120,90,330
644,Zekrom, ,Dragon,Electric,680,100,150,120,120,100,90,345
645,Landorus,Incarnate Forme,Ground,Flying,600,89,125,90,115,80,101,68
645,Landorus,Therian Forme,Ground,Flying,600,89,145,90,105,80,91,68
646,Kyurem, ,Dragon,Ice,660,125,130,90,130,90,95,325
646,Kyurem,White Kyurem,Dragon,Ice,700,125,120,90,170,100,95,325
646,Kyurem,Black Kyurem,Dragon,Ice,700,125,170,100,120,90,95,325
647,Keldeo,Ordinary Form,Water,Fighting,580,91,72,90,129,90,108,48.5
647,Keldeo,Resolute Form,Water,Fighting,580,91,72,90,129,90,108,48.5
648,Meloetta,Aria Forme,Normal,Psychic,600,100,77,77,128,128,90,6.5
648,Meloetta,Pirouette Forme,Normal,Fighting,600,100,128,90,77,77,128,6.5
649,Genesect, ,Bug,Steel,600,71,120,95,120,95,99,82.5
3,Venusaur,Mega Venusaur,Grass,Poison,625,80,100,123,122,120,80,155.5
6,Charizard,Mega Charizard X,Fire,Dragon,634,78,130,111,130,85,100,110.5
6,Charizard,Mega Charizard Y,Fire,Flying,634,78,104,78,159,115,100,100.5
9,Blastoise,Mega Blastoise,Water, ,630,79,103,120,135,115,78,101.1
15,Beedrill,Mega Beedrill,Bug,Poison,495,65,150,40,15,80,145,40.5
18,Pidgeot,Mega Pidgeot,Normal,Flying,579,83,80,80,135,80,121,50.5
65,Alakazam,Mega Alakazam,Psychic, ,600,55,50,65,175,105,150,48
80,Slowbro,Mega Slowbro,Water,Psychic,590,95,75,180,130,80,30,120
94,Gengar,Mega Gengar,Ghost,Poison,600,60,65,80,170,95,130,40.5
115,Kangaskhan,Mega Kangaskhan,Normal, ,590,105,125,100,60,100,100,100
127,Pinsir,Mega Pinsir,Bug,Flying,600,65,155,120,65,90,105,59
130,Gyarados,Mega Gyarados,Water,Dark,640,95,155,109,70,130,81,305
142,Aerodactyl,Mega Aerodactyl,Rock,Flying,615,80,135,85,70,95,150,79
150,Mewtwo,Mega Mewtwo X,Psychic,Fighting,780,106,190,100,154,100,130,127
150,Mewtwo,Mega Mewtwo Y,Psychic, ,780,106,150,70,194,120,140,33
181,Ampharos,Mega Ampharos,Electric,Dragon,610,90,95,105,165,110,45,61.5
208,Steelix,Mega Steelix,Steel,Ground,610,75,125,230,55,95,30,740
212,Scizor,Mega Scizor,Bug,Steel,600,70,150,140,65,100,75,125
214,Heracross,Mega Heracross,Bug,Fighting,600,80,185,115,40,105,75,62.5
229,Houndoom,Mega Houndoom,Dark,Fire,600,75,90,90,140,90,115,49.5
248,Tyranitar,Mega Tyranitar,Rock,Dark,700,100,164,150,95,120,71,255
254,Sceptile,Mega Sceptile,Grass,Dragon,630,70,110,75,145,85,145,55.2
257,Blaziken,Mega Blaziken,Fire,Fighting,630,80,160,80,130,80,100,52
260,Swampert,Mega Swampert,Water,Ground,635,100,150,110,95,110,70,102
282,Gardevoir,Mega Gardevoir,Psychic,Fairy,618,68,85,65,165,135,100,48.4
302,Sableye,Mega Sableye,Dark,Ghost,480,50,85,125,85,115,20,161
303,Mawile,Mega Mawile,Steel,Fairy,480,50,105,125,55,95,50,23.5
306,Aggron,Mega Aggron,Steel, ,630,70,140,230,60,80,50,395
308,Medicham,Mega Medicham,Fighting,Psychic,510,60,100,85,80,85,100,31.5
310,Manectric,Mega Manectric,Electric, ,575,70,75,80,135,80,135,44
319,Sharpedo,Mega Sharpedo,Water,Dark,560,70,140,70,110,65,105,130.3
323,Camerupt,Mega Camerupt,Fire,Ground,560,70,120,100,145,105,20,320.5
334,Altaria,Mega Altaria,Dragon,Fairy,590,75,110,110,110,105,80,20.6
354,Banette,Mega Banette,Ghost, ,555,64,165,75,93,83,75,13
359,Absol,Mega Absol,Dark, ,565,65,150,60,115,60,115,49
362,Glalie,Mega Glalie,Ice, ,580,80,120,80,120,80,100,350.2
373,Salamence,Mega Salamence,Dragon,Flying,700,95,145,130,120,90,120,112.6
376,Metagross,Mega Metagross,Steel,Psychic,700,80,145,150,105,110,110,942.9
380,Latias,Mega Latias,Dragon,Psychic,700,80,100,120,140,150,110,52
381,Latios,Mega Latios,Dragon,Psychic,700,80,130,100,160,120,110,70
382,Kyogre,Primal Kyogre,Water, ,770,100,150,90,180,160,90,430
383,Groudon,Primal Groudon,Ground,Fire,770,100,180,160,150,90,90,999.7
384,Rayquaza,Mega Rayquaza,Dragon,Flying,780,105,180,100,180,100,115,392
428,Lopunny,Mega Lopunny,Normal,Fighting,580,65,136,94,54,96,135,28.3
445,Garchomp,Mega Garchomp,Dragon,Ground,700,108,170,115,120,95,92,95
448,Lucario,Mega Lucario,Fighting,Steel,625,70,145,88,140,70,112,57.5
460,Abomasnow,Mega Abomasnow,Grass,Ice,594,90,132,105,132,105,30,185
475,Gallade,Mega Gallade,Psychic,Fighting,618,68,165,95,65,115,110,56.4
531,Audino,Mega Audino,Normal,Fairy,545,103,60,126,80,126,50,32
650,Chespin, ,Grass, ,313,56,61,65,48,45,38,9
651,Quilladin, ,Grass, ,405,61,78,95,56,58,57,29
652,Chesnaught, ,Grass,Fighting,530,88,107,122,74,75,64,90
653,Fennekin, ,Fire, ,307,40,45,40,62,60,60,9.4
654,Braixen, ,Fire, ,409,59,59,58,90,70,73,14.5
655,Delphox, ,Fire,Psychic,534,75,69,72,114,100,104,39
656,Froakie, ,Water, ,314,41,56,40,62,44,71,7
657,Frogadier, ,Water, ,405,54,63,52,83,56,97,10.9
658,Greninja, ,Water,Dark,530,72,95,67,103,71,122,40
659,Bunnelby, ,Normal, ,237,38,36,38,32,36,57,5
660,Diggersby, ,Normal,Ground,423,85,56,77,50,77,78,42.4
661,Fletchling, ,Normal,Flying,278,45,50,43,40,38,62,1.7
662,Fletchinder, ,Fire,Flying,382,62,73,55,56,52,84,16
663,Talonflame, ,Fire,Flying,499,78,81,71,74,69,126,24.5
664,Scatterbug, ,Bug, ,200,38,35,40,27,25,35,2.5
665,Spewpa, ,Bug, ,213,45,22,60,27,30,29,8.4
666,Vivillon, ,Bug,Flying,411,80,52,50,90,50,89,17
667,Litleo, ,Fire,Normal,369,62,50,58,73,54,72,13.5
668,Pyroar, ,Fire,Normal,507,86,68,72,109,66,106,81.5
669,Flabebe, ,Fairy, ,303,44,38,39,61,79,42,0.1
670,Floette, ,Fairy, ,371,54,45,47,75,98,52,0.9
671,Florges, ,Fairy, ,552,78,65,68,112,154,75,10
672,Skiddo, ,Grass, ,350,66,65,48,62,57,52,31
673,Gogoat, ,Grass, ,531,123,100,62,97,81,68,91
674,Pancham, ,Fighting, ,348,67,82,62,46,48,43,8
675,Pangoro, ,Fighting,Dark,495,95,124,78,69,71,58,136
676,Furfrou, ,Normal, ,472,75,80,60,65,90,102,28
677,Espurr, ,Psychic, ,355,62,48,54,63,60,68,3.5
678,Meowstic,Male,Psychic, ,466,74,48,76,83,81,104,8.5
678,Meowstic,Female,Psychic, ,466,74,48,76,83,81,104,8.5
679,Honedge, ,Steel,Ghost,325,45,80,100,35,37,28,2
680,Doublade, ,Steel,Ghost,448,59,110,150,45,49,35,4.5
681,Aegislash,Shield Forme,Steel,Ghost,500,60,50,140,50,140,60,53
681,Aegislash,Blade Forme,Steel,Ghost,500,60,140,50,140,50,60,53
682,Spritzee, ,Fairy, ,341,78,52,60,63,65,23,0.5
683,Aromatisse, ,Fairy, ,462,101,72,72,99,89,29,15.5
684,Swirlix, ,Fairy, ,341,62,48,66,59,57,49,3.5
685,Slurpuff, ,Fairy, ,480,82,80,86,85,75,72,5
686,Inkay, ,Dark,Psychic,288,53,54,53,37,46,45,3.5
687,Malamar, ,Dark,Psychic,482,86,92,88,68,75,73,47
688,Binacle, ,Rock,Water,306,42,52,67,39,56,50,31
689,Barbaracle, ,Rock,Water,500,72,105,115,54,86,68,96
690,Skrelp, ,Poison,Water,320,50,60,60,60,60,30,7.3
691,Dragalge, ,Poison,Dragon,494,65,75,90,97,123,44,81.5
692,Clauncher, ,Water, ,330,50,53,62,58,63,44,8.3
693,Clawitzer, ,Water, ,500,71,73,88,120,89,59,35.3
694,Helioptile, ,Electric,Normal,289,44,38,33,61,43,70,6
695,Heliolisk, ,Electric,Normal,481,62,55,52,109,94,109,21
696,Tyrunt, ,Rock,Dragon,362,58,89,77,45,45,48,26
697,Tyrantrum, ,Rock,Dragon,521,82,121,119,69,59,71,270
698,Amaura, ,Rock,Ice,362,77,59,50,67,63,46,25.2
699,Aurorus, ,Rock,Ice,521,123,77,72,99,92,58,225
700,Sylveon, ,Fairy, ,525,95,65,65,110,130,60,23.5
701,Hawlucha, ,Fighting,Flying,500,78,92,75,74,63,118,21.5
702,Dedenne, ,Electric,Fairy,431,67,58,57,81,67,101,2.2
703,Carbink, ,Rock,Fairy,500,50,50,150,50,150,50,5.7
704,Goomy, ,Dragon, ,300,45,50,35,55,75,40,2.8
705,Sliggoo, ,Dragon, ,452,68,75,53,83,113,60,17.5
706,Goodra, ,Dragon, ,600,90,100,70,110,150,80,150.5
707,Klefki, ,Steel,Fairy,470,57,80,91,80,87,75,3
708,Phantump, ,Ghost,Grass,309,43,70,48,50,60,38,7
709,Trevenant, ,Ghost,Grass,474,85,110,76,65,82,56,71
710,Pumpkaboo,Average Size,Ghost,Grass,335,49,66,70,44,55,51,5
710,Pumpkaboo,Small Size,Ghost,Grass,335,44,66,70,44,55,56,3.5
710,Pumpkaboo,Large Size,Ghost,Grass,335,54,66,70,44,55,46,7.5
710,Pumpkaboo,Super Size,Ghost,Grass,335,59,66,70,44,55,41,15
711,Gourgeist,Average Size,Ghost,Grass,494,65,90,122,58,75,84,12.5
711,Gourgeist,Small Size,Ghost,Grass,494,55,85,122,58,75,99,9.5
711,Gourgeist,Large Size,Ghost,Grass,494,75,95,122,58,75,69,14
711,Gourgeist,Super Size,Ghost,Grass,494,85,100,122,58,75,54,39
712,Bergmite, ,Ice, ,304,55,69,85,32,35,28,99.5
713,Avalugg, ,Ice, ,514,95,117,184,44,46,28,505
714,Noibat, ,Flying,Dragon,245,40,30,35,45,40,55,8
715,Noivern, ,Flying,Dragon,535,85,70,80,97,80,123,85
716,Xerneas, ,Fairy, ,680,126,131,95,131,98,99,215
717,Yveltal, ,Dark,Flying,680,126,131,95,131,98,99,203
718,Zygarde,50% Forme,Dragon,Ground,600,108,100,121,81,95,95,305
719,Diancie, ,Rock,Fairy,600,50,100,150,100,150,50,8.8
719,Diancie,Mega Diancie,Rock,Fairy,700,50,160,110,160,110,110,27.8
720,Hoopa,Hoopa Confined,Psychic,Ghost,600,80,110,60,150,130,70,9
720,Hoopa,Hoopa Unbound,Psychic,Dark,680,80,160,60,170,130,80,490
721,Volcanion, ,Fire,Water,600,80,110,120,130,90,70,195
19,Rattata,Alolan Rattata,Dark,Normal,253,30,56,35,25,35,72,3.8
20,Raticate,Alolan Raticate,Dark,Normal,413,75,71,70,40,80,77,25.5
25,Pikachu,Partner Pikachu,Electric, ,430,45,80,50,75,60,120,6
26,Raichu,Alolan Raichu,Electric,Psychic,485,60,85,50,95,85,110,21
27,Sandshrew,Alolan Sandshrew,Ice,Steel,300,50,75,90,10,35,40,40
28,Sandslash,Alolan Sandslash,Ice,Steel,450,75,100,120,25,65,65,55
37,Vulpix,Alolan Vulpix,Ice, ,299,38,41,40,50,65,65,9.9
38,Ninetales,Alolan Ninetales,Ice,Fairy,505,73,67,75,81,100,109,19.9
50,Diglett,Alolan Diglett,Ground,Steel,265,10,55,30,35,45,90,1
51,Dugtrio,Alolan Dugtrio,Ground,Steel,425,35,100,60,50,70,110,66.6
52,Meowth,Alolan Meowth,Dark, ,290,40,35,35,50,40,90,4.2
53,Persian,Alolan Persian,Dark, ,440,65,60,60,75,65,115,33
74,Geodude,Alolan Geodude,Rock,Electric,300,40,80,100,30,30,20,20.3
75,Graveler,Alolan Graveler,Rock,Electric,390,55,95,115,45,45,35,110
76,Golem,Alolan Golem,Rock,Electric,495,80,120,130,55,65,45,316
88,Grimer,Alolan Grimer,Poison,Dark,325,80,80,50,40,50,25,42
89,Muk,Alolan Muk,Poison,Dark,500,105,105,75,65,100,50,52
103,Exeggutor,Alolan Exeggutor,Grass,Dragon,530,95,105,85,125,75,45,415.6
105,Marowak,Alolan Marowak,Fire,Ghost,425,60,80,110,50,80,45,34
133,Eevee,Partner Eevee,Normal, ,435,65,75,70,65,85,75,6.5
658,Greninja,Ash-Greninja,Water,Dark,640,72,145,67,153,71,132,40
718,Zygarde,10% Forme,Dragon,Ground,486,54,100,71,61,85,115,33.5
718,Zygarde,Complete Forme,Dragon,Ground,708,216,100,121,91,95,85,610
722,Rowlet, ,Grass,Flying,320,68,55,55,50,50,42,1.5
723,Dartrix, ,Grass,Flying,420,78,75,75,70,70,52,16
724,Decidueye, ,Grass,Ghost,530,78,107,75,100,100,70,36.6
725,Litten, ,Fire, ,320,45,65,40,60,40,70,4.3
726,Torracat, ,Fire, ,420,65,85,50,80,50,90,25
727,Incineroar, ,Fire,Dark,530,95,115,90,80,90,60,83
728,Popplio, ,Water, ,320,50,54,54,66,56,40,7.5
729,Brionne, ,Water, ,420,60,69,69,91,81,50,17.5
730,Primarina, ,Water,Fairy,530,80,74,74,126,116,60,44
731,Pikipek, ,Normal,Flying,265,35,75,30,30,30,65,1.2
732,Trumbeak, ,Normal,Flying,355,55,85,50,40,50,75,14.8
733,Toucannon, ,Normal,Flying,485,80,120,75,75,75,60,26
734,Yungoos, ,Normal, ,253,48,70,30,30,30,45,6
735,Gumshoos, ,Normal, ,418,88,110,60,55,60,45,14.2
736,Grubbin, ,Bug, ,300,47,62,45,55,45,46,4.4
737,Charjabug, ,Bug,Electric,400,57,82,95,55,75,36,10.5
738,Vikavolt, ,Bug,Electric,500,77,70,90,145,75,43,45
739,Crabrawler, ,Fighting, ,338,47,82,57,42,47,63,7
740,Crabominable, ,Fighting,Ice,478,97,132,77,62,67,43,180
741,Oricorio,Baile Style,Fire,Flying,476,75,70,70,98,70,93,3.4
741,Oricorio,Pom-Pom Style,Electric,Flying,476,75,70,70,98,70,93,3.4
741,Oricorio,Pa'u Style,Psychic,Flying,476,75,70,70,98,70,93,3.4
741,Oricorio,Sensu Style,Ghost,Flying,476,75,70,70,98,70,93,3.4
742,Cutiefly, ,Bug,Fairy,304,40,45,40,55,40,84,0.2
743,Ribombee, ,Bug,Fairy,464,60,55,60,95,70,124,0.5
744,Rockruff, ,Rock, ,280,45,65,40,30,40,60,9.2
745,Lycanroc,Midday Form,Rock, ,487,75,115,65,55,65,112,25
745,Lycanroc,Midnight Form,Rock, ,487,85,115,75,55,75,82,25
745,Lycanroc,Dusk Form,Rock, ,487,75,117,65,55,65,110,25
746,Wishiwashi,Solo Form,Water, ,175,45,20,20,25,25,40,0.3
746,Wishiwashi,School Form,Water, ,620,45,140,130,140,135,30,78.6
747,Mareanie, ,Poison,Water,305,50,53,62,43,52,45,8
748,Toxapex, ,Poison,Water,495,50,63,152,53,142,35,14.5
749,Mudbray, ,Ground, ,385,70,100,70,45,55,45,110
750,Mudsdale, ,Ground, ,500,100,125,100,55,85,35,920
751,Dewpider, ,Water,Bug,269,38,40,52,40,72,27,4
752,Araquanid, ,Water,Bug,454,68,70,92,50,132,42,82
753,Fomantis, ,Grass, ,250,40,55,35,50,35,35,1.5
754,Lurantis, ,Grass, ,480,70,105,90,80,90,45,18.5
755,Morelull, ,Grass,Fairy,285,40,35,55,65,75,15,1.5
756,Shiinotic, ,Grass,Fairy,405,60,45,80,90,100,30,11.5
757,Salandit, ,Poison,Fire,320,48,44,40,71,40,77,4.8
758,Salazzle, ,Poison,Fire,480,68,64,60,111,60,117,22.2
759,Stufful, ,Normal,Fighting,340,70,75,50,45,50,50,6.8
760,Bewear, ,Normal,Fighting,500,120,125,80,55,60,60,135
761,Bounsweet, ,Grass, ,210,42,30,38,30,38,32,3.2
762,Steenee, ,Grass, ,290,52,40,48,40,48,62,8.2
763,Tsareena, ,Grass, ,510,72,120,98,50,98,72,21.4
764,Comfey, ,Fairy, ,485,51,52,90,82,110,100,0.3
765,Oranguru, ,Normal,Psychic,490,90,60,80,90,110,60,76
766,Passimian, ,Fighting, ,490,100,120,90,40,60,80,82.8
767,Wimpod, ,Bug,Water,230,25,35,40,20,30,80,12
768,Golisopod, ,Bug,Water,530,75,125,140,60,90,40,108
769,Sandygast, ,Ghost,Ground,320,55,55,80,70,45,15,70
770,Palossand, ,Ghost,Ground,480,85,75,110,100,75,35,250
771,Pyukumuku, ,Water, ,410,55,60,130,30,130,5,1.2
772,Type: Null, ,Normal, ,534,95,95,95,95,95,59,120.5
773,Silvally, ,Normal, ,570,95,95,95,95,95,95,100.5
774,Minior,Meteor Form,Rock,Flying,440,60,60,100,60,100,60,40
774,Minior,Core Form,Rock,Flying,500,60,100,60,100,60,120,0.3
775,Komala, ,Normal, ,480,65,115,65,75,95,65,19.9
776,Turtonator, ,Fire,Dragon,485,60,78,135,91,85,36,212
777,Togedemaru, ,Electric,Steel,435,65,98,63,40,73,96,3.3
778,Mimikyu, ,Ghost,Fairy,476,55,90,80,50,105,96,0.7
779,Bruxish, ,Water,Psychic,475,68,105,70,70,70,92,19
780,Drampa, ,Normal,Dragon,485,78,60,85,135,91,36,185
781,Dhelmise, ,Ghost,Grass,517,70,131,100,86,90,40,210
782,Jangmo-o, ,Dragon, ,300,45,55,65,45,45,45,29.7
783,Hakamo-o, ,Dragon,Fighting,420,55,75,90,65,70,65,47
784,Kommo-o, ,Dragon,Fighting,600,75,110,125,100,105,85,78.2
785,Tapu Koko, ,Electric,Fairy,570,70,115,85,95,75,130,20.5
786,Tapu Lele, ,Psychic,Fairy,570,70,85,75,130,115,95,18.6
787,Tapu Bulu, ,Grass,Fairy,570,70,130,115,85,95,75,45.5
788,Tapu Fini, ,Water,Fairy,570,70,75,115,95,130,85,21.2
789,Cosmog, ,Psychic, ,200,43,29,31,29,31,37,0.1
790,Cosmoem, ,Psychic, ,400,43,29,131,29,131,37,999.9
791,Solgaleo, ,Psychic,Steel,680,137,137,107,113,89,97,230
792,Lunala, ,Psychic,Ghost,680,137,113,89,137,107,97,120
793,Nihilego, ,Rock,Poison,570,109,53,47,127,131,103,55.5
794,Buzzwole, ,Bug,Fighting,570,107,139,139,53,53,79,333.6
795,Pheromosa, ,Bug,Fighting,570,71,137,37,137,37,151,25
796,Xurkitree, ,Electric, ,570,83,89,71,173,71,83,100
797,Celesteela, ,Steel,Flying,570,97,101,103,107,101,61,999.9
798,Kartana, ,Grass,Steel,570,59,181,131,59,31,109,0.1
799,Guzzlord, ,Dark,Dragon,570,223,101,53,97,53,43,888
800,Necrozma, ,Psychic, ,600,97,107,101,127,89,79,230
800,Necrozma,Dusk Mane Necrozma,Psychic,Steel,680,97,157,127,113,109,77,460
800,Necrozma,Dawn Wings Necrozma,Psychic,Ghost,680,97,113,109,157,127,77,350
800,Necrozma,Ultra Necrozma,Psychic,Dragon,754,97,167,97,167,97,129,230
801,Magearna, ,Steel,Fairy,600,80,95,115,130,115,65,80.5
802,Marshadow, ,Fighting,Ghost,600,90,125,80,90,90,125,22.2
803,Poipole, ,Poison, ,420,67,73,67,73,67,73,1.8
804,Naganadel, ,Poison,Dragon,540,73,73,73,127,73,121,150
805,Stakataka, ,Rock,Steel,570,61,131,211,53,101,13,820
806,Blacephalon, ,Fire,Ghost,570,53,127,53,151,79,107,13
807,Zeraora, ,Electric, ,600,88,112,75,102,80,143,44.5
808,Meltan, ,Steel, ,300,46,65,65,55,35,34,8
809,Melmetal, ,Steel, ,600,135,143,143,80,65,34,800
52,Meowth,Galarian Meowth,Steel, ,290,50,65,55,40,40,40,7.5
58,Growlithe,Hisuian Growlithe,Fire,Rock,350,60,75,45,65,50,55,22.7
59,Arcanine,Hisuian Arcanine,Fire,Rock,555,95,115,80,95,80,90,168
77,Ponyta,Galarian Ponyta,Psychic, ,410,50,85,55,65,65,90,24
78,Rapidash,Galarian Rapidash,Psychic,Fairy,500,65,100,70,80,80,105,80
79,Slowpoke,Galarian Slowpoke,Psychic, ,315,90,65,65,40,40,15,36
80,Slowbro,Galarian Slowbro,Poison,Psychic,490,95,100,95,100,70,30,70.5
83,Farfetch'd,Galarian Farfetch'd,Fighting, ,377,52,95,55,58,62,55,42
100,Voltorb,Hisuian Voltorb,Electric,Grass,330,40,30,50,55,55,100,13
101,Electrode,Hisuian Electrode,Electric,Grass,490,60,50,70,80,80,150,71
110,Weezing,Galarian Weezing,Poison,Fairy,490,65,90,120,85,70,60,16
122,Mr. Mime,Galarian Mr. Mime,Ice,Psychic,460,50,65,65,90,90,100,56
144,Articuno,Galarian Articuno,Psychic,Flying,580,90,85,85,125,100,95,50.9
145,Zapdos,Galarian Zapdos,Fighting,Flying,580,90,125,90,85,90,100,58.2
146,Moltres,Galarian Moltres,Dark,Flying,580,90,85,90,100,125,90,66
157,Typhlosion,Hisuian Typhlosion,Fire,Ghost,534,73,84,78,119,85,95,69.8
199,Slowking,Galarian Slowking,Poison,Psychic,490,95,65,80,110,110,30,79.5
211,Qwilfish,Hisuian Qwilfish,Dark,Poison,440,65,95,85,55,55,85,3.9
215,Sneasel,Hisuian Sneasel,Fighting,Poison,430,55,95,55,35,75,115,27
222,Corsola,Galarian Corsola,Ghost, ,410,60,55,100,65,100,30,0.5
263,Zigzagoon,Galarian Zigzagoon,Dark,Normal,240,38,30,41,30,41,60,17.5
264,Linoone,Galarian Linoone,Dark,Normal,420,78,70,61,50,61,100,32.5
483,Dialga,Origin Forme,Steel,Dragon,680,100,100,120,150,120,90,850
484,Palkia,Origin Forme,Water,Dragon,680,90,100,100,150,120,120,660
503,Samurott,Hisuian Samurott,Water,Dark,528,90,108,80,100,65,85,58.2
549,Lilligant,Hisuian Lilligant,Grass,Fighting,480,70,105,75,50,75,105,19.2
550,Basculin,White-Striped Form,Water, ,460,70,92,65,80,55,98,18
554,Darumaka,Galarian Darumaka,Ice, ,315,70,90,45,15,45,50,40
555,Darmanitan,Galarian Standard Mode,Ice, ,480,105,140,55,30,55,95,120
555,Darmanitan,Galarian Zen Mode,Ice,Fire,540,105,160,55,30,55,135,120
562,Yamask,Galarian Yamask,Ground,Ghost,303,38,55,85,30,65,30,1.5
570,Zorua,Hisuian Zorua,Normal,Ghost,330,35,60,40,85,40,70,12.5
571,Zoroark,Hisuian Zoroark,Normal,Ghost,510,55,100,60,125,60,110,73
618,Stunfisk,Galarian Stunfisk,Ground,Steel,471,109,81,99,66,84,32,20.5
628,Braviary,Hisuian Braviary,Psychic,Flying,510,110,83,70,112,70,65,43.4
705,Sliggoo,Hisuian Sliggoo,Steel,Dragon,452,58,75,83,83,113,40,68.5
706,Goodra,Hisuian Goodra,Steel,Dragon,600,80,100,100,110,150,60,334.1
713,Avalugg,Hisuian Avalugg,Ice,Rock,514,95,127,184,34,36,38,262.4
724,Decidueye,Hisuian Decidueye,Grass,Fighting,530,88,112,80,95,95,60,37
810,Grookey, ,Grass, ,310,50,65,50,40,40,65,5
811,Thwackey, ,Grass, ,420,70,85,70,55,60,80,14
812,Rillaboom, ,Grass, ,530,100,125,90,60,70,85,90
813,Scorbunny, ,Fire, ,310,50,71,40,40,40,69,4.5
814,Raboot, ,Fire, ,420,65,86,60,55,60,94,9
815,Cinderace, ,Fire, ,530,80,116,75,65,75,119,33
816,Sobble, ,Water, ,310,50,40,40,70,40,70,4
817,Drizzile, ,Water, ,420,65,60,55,95,55,90,11.5
818,Inteleon, ,Water, ,530,70,85,65,125,65,120,45.2
819,Skwovet, ,Normal, ,275,70,55,55,35,35,25,2.5
820,Greedent, ,Normal, ,460,120,95,95,55,75,20,6
821,Rookidee, ,Flying, ,245,38,47,35,33,35,57,1.8
822,Corvisquire, ,Flying, ,365,68,67,55,43,55,77,16
823,Corviknight, ,Flying,Steel,495,98,87,105,53,85,67,75
824,Blipbug, ,Bug, ,180,25,20,20,25,45,45,8
825,Dottler, ,Bug,Psychic,335,50,35,80,50,90,30,19.5
826,Orbeetle, ,Bug,Psychic,505,60,45,110,80,120,90,40.8
827,Nickit, ,Dark, ,245,40,28,28,47,52,50,8.9
828,Thievul, ,Dark, ,455,70,58,58,87,92,90,19.9
829,Gossifleur, ,Grass, ,250,40,40,60,40,60,10,2.2
830,Eldegoss, ,Grass, ,460,60,50,90,80,120,60,2.5
831,Wooloo, ,Normal, ,270,42,40,55,40,45,48,6
832,Dubwool, ,Normal, ,490,72,80,100,60,90,88,43
833,Chewtle, ,Water, ,284,50,64,50,38,38,44,8.5
834,Drednaw, ,Water,Rock,485,90,115,90,48,68,74,115.5
835,Yamper, ,Electric, ,270,59,45,50,40,50,26,13.5
836,Boltund, ,Electric, ,490,69,90,60,90,60,121,34
837,Rolycoly, ,Rock, ,240,30,40,50,40,50,30,12
838,Carkol, ,Rock,Fire,410,80,60,90,60,70,50,78
839,Coalossal, ,Rock,Fire,510,110,80,120,80,90,30,310.5
840,Applin, ,Grass,Dragon,260,40,40,80,40,40,20,0.5
841,Flapple, ,Grass,Dragon,485,70,110,80,95,60,70,1
842,Appletun, ,Grass,Dragon,485,110,85,80,100,80,30,13
843,Silicobra, ,Ground, ,315,52,57,75,35,50,46,7.6
844,Sandaconda, ,Ground, ,510,72,107,125,65,70,71,65.5
845,Cramorant, ,Flying,Water,475,70,85,55,85,95,85,18
846,Arrokuda, ,Water, ,280,41,63,40,40,30,66,1
847,Barraskewda, ,Water, ,490,61,123,60,60,50,136,30
848,Toxel, ,Electric,Poison,242,40,38,35,54,35,40,11
849,Toxtricity,Amped Form,Electric,Poison,502,75,98,70,114,70,75,40
849,Toxtricity,Low Key Form,Electric,Poison,502,75,98,70,114,70,75,40
850,Sizzlipede, ,Fire,Bug,305,50,65,45,50,50,45,1
851,Centiskorch, ,Fire,Bug,525,100,115,65,90,90,65,120
852,Clobbopus, ,Fighting, ,310,50,68,60,50,50,32,4
853,Grapploct, ,Fighting, ,480,80,118,90,70,80,42,39
854,Sinistea, ,Ghost, ,308,40,45,45,74,54,50,0.2
855,Polteageist, ,Ghost, ,508,60,65,65,134,114,70,0.4
856,Hatenna, ,Psychic, ,265,42,30,45,56,53,39,3.4
857,Hattrem, ,Psychic, ,370,57,40,65,86,73,49,4.8
858,Hatterene, ,Psychic,Fairy,510,57,90,95,136,103,29,5.1
859,Impidimp, ,Dark,Fairy,265,45,45,30,55,40,50,5.5
860,Morgrem, ,Dark,Fairy,370,65,60,45,75,55,70,12.5
861,Grimmsnarl, ,Dark,Fairy,510,95,120,65,95,75,60,61
862,Obstagoon, ,Dark,Normal,520,93,90,101,60,81,95,46
863,Perrserker, ,Steel, ,440,70,110,100,50,60,50,28
864,Cursola, ,Ghost, ,510,60,95,50,145,130,30,0.4
865,Sirfetch'd, ,Fighting, ,507,62,135,95,68,82,65,117
866,Mr. Rime, ,Ice,Psychic,520,80,85,75,110,100,70,58.2
867,Runerigus, ,Ground,Ghost,483,58,95,145,50,105,30,66.6
868,Milcery, ,Fairy, ,270,45,40,40,50,61,34,0.3
869,Alcremie, ,Fairy, ,495,65,60,75,110,121,64,0.5
870,Falinks, ,Fighting, ,470,65,100,100,70,60,75,62
871,Pincurchin, ,Electric, ,435,48,101,95,91,85,15,1
872,Snom, ,Ice,Bug,185,30,25,35,45,30,20,3.8
873,Frosmoth, ,Ice,Bug,475,70,65,60,125,90,65,42
874,Stonjourner, ,Rock, ,470,100,125,135,20,20,70,520
875,Eiscue,Ice Face,Ice, ,470,75,80,110,65,90,50,89
875,Eiscue,Noice Face,Ice, ,470,75,80,70,65,50,130,89
876,Indeedee,Male,Psychic,Normal,475,60,65,55,105,95,95,28
876,Indeedee,Female,Psychic,Normal,475,70,55,65,95,105,85,28
877,Morpeko,Full Belly Mode,Electric,Dark,436,58,95,58,70,58,97,3
877,Morpeko,Hangry Mode,Electric,Dark,436,58,95,58,70,58,97,3
878,Cufant, ,Steel, ,330,72,80,49,40,49,40,100
879,Copperajah, ,Steel, ,500,122,130,69,80,69,30,650
880,Dracozolt, ,Electric,Dragon,505,90,100,90,80,70,75,190
881,Arctozolt, ,Electric,Ice,505,90,100,90,90,80,55,150
882,Dracovish, ,Water,Dragon,505,90,90,100,70,80,75,215
883,Arctovish, ,Water,Ice,505,90,90,100,80,90,55,175
884,Duraludon, ,Steel,Dragon,535,70,95,115,120,50,85,40
885,Dreepy, ,Dragon,Ghost,270,28,60,30,40,30,82,2
886,Drakloak, ,Dragon,Ghost,410,68,80,50,60,50,102,11
887,Dragapult, ,Dragon,Ghost,600,88,120,75,100,75,142,50
888,Zacian,Hero of Many Battles,Fairy, ,660,92,120,115,80,115,138,110
888,Zacian,Crowned Sword,Fairy,Steel,700,92,150,115,80,115,148,355
889,Zamazenta,Hero of Many Battles,Fighting, ,660,92,120,115,80,115,138,210
889,Zamazenta,Crowned Shield,Fighting,Steel,700,92,120,140,80,140,128,785
890,Eternatus, ,Poison,Dragon,690,140,85,95,145,95,130,950
890,Eternatus,Eternamax,Poison,Dragon,1125,255,115,250,125,250,130,0
891,Kubfu, ,Fighting, ,385,60,90,60,53,50,72,12
892,Urshifu,Single Strike Style,Fighting,Dark,550,100,130,100,63,60,97,105
892,Urshifu,Rapid Strike Style,Fighting,Water,550,100,130,100,63,60,97,105
893,Zarude, ,Dark,Grass,600,105,120,105,70,95,105,70
894,Regieleki, ,Electric, ,580,80,100,50,100,50,200,145
895,Regidrago, ,Dragon, ,580,200,100,50,100,50,80,200
896,Glastrier, ,Ice, ,580,100,145,130,65,110,30,800
897,Spectrier, ,Ghost, ,580,100,65,60,145,80,130,44.5
898,Calyrex, ,Psychic,Grass,500,100,80,80,80,80,80,7.7
898,Calyrex,Ice Rider,Psychic,Ice,680,100,165,150,85,130,50,7.7
898,Calyrex,Shadow Rider,Psychic,Ghost,680,100,85,80,165,100,150,7.7
899,Wyrdeer, ,Normal,Psychic,525,103,105,72,105,75,65,95.1
900,Kleavor, ,Bug,Rock,500,70,135,95,45,70,85,89
901,Ursaluna, ,Ground,Normal,550,130,140,105,45,80,50,290
902,Basculegion,Male,Water,Ghost,530,120,112,65,80,75,78,110
902,Basculegion,Female,Water,Ghost,530,120,92,65,100,75,78,110
903,Sneasler, ,Fighting,Poison,510,80,130,60,40,80,120,43
904,Overqwil, ,Dark,Poison,510,85,115,95,65,65,85,60.5
905,Enamorus,Incarnate Forme,Fairy,Flying,580,74,115,70,135,80,106,48
905,Enamorus,Therian Forme,Fairy,Flying,580,74,115,110,135,100,46,48
128,Tauros,Combat Breed,Fighting, ,490,75,110,105,30,70,100,115
128,Tauros,Blaze Breed,Fighting,Fire,490,75,110,105,30,70,100,85
128,Tauros,Aqua Breed,Fighting,Water,490,75,110,105,30,70,100,110
194,Wooper,Paldean Wooper,Poison,Ground,210,55,45,45,25,25,15,11
901,Ursaluna,Bloodmoon,Ground,Normal,555,113,70,120,135,65,52,290
906,Sprigatito, ,Grass, ,310,40,61,54,45,45,65,4.1
907,Floragato, ,Grass, ,410,61,80,63,60,63,83,12.2
908,Meowscarada, ,Grass,Dark,530,76,110,70,81,70,123,31.2
909,Fuecoco, ,Fire, ,310,67,45,59,63,40,36,4.1
910,Crocalor, ,Fire, ,411,81,55,78,90,58,49,30.7
911,Skeledirge, ,Fire,Ghost,530,104,75,100,110,75,66,326.5
912,Quaxly, ,Water, ,310,55,65,45,50,45,50,6.1
913,Quaxwell, ,Water, ,410,70,85,65,65,60,65,21.5
914,Quaquaval, ,Water,Fighting,530,85,120,80,85,75,85,61.9
915,Lechonk, ,Normal, ,254,54,45,40,35,45,35,10.2
916,Oinkologne,Male,Normal, ,489,110,100,75,59,80,65,120
916,Oinkologne,Female,Normal, ,489,115,90,70,59,90,65,120
917,Tarountula, ,Bug, ,210,35,41,45,29,40,20,4
918,Spidops, ,Bug, ,404,60,79,92,52,86,35,16.5
919,Nymble, ,Bug, ,210,33,46,40,21,25,45,1
920,Lokix, ,Bug,Dark,450,71,102,78,52,55,92,17.5
921,Pawmi, ,Electric, ,240,45,50,20,40,25,60,2.5
922,Pawmo, ,Electric,Fighting,350,60,75,40,50,40,85,6.5
923,Pawmot, ,Electric,Fighting,490,70,115,70,70,60,105,41
924,Tandemaus, ,Normal, ,305,50,50,45,40,45,75,1.8
925,Maushold,Family of Four,Normal, ,470,74,75,70,65,75,111,2.3
925,Maushold,Family of Three,Normal, ,470,74,75,70,65,75,111,2.8
926,Fidough, ,Fairy, ,312,37,55,70,30,55,65,10.9
927,Dachsbun, ,Fairy, ,477,57,80,115,50,80,95,14.9
928,Smoliv, ,Grass,Normal,260,41,35,45,58,51,30,6.5
929,Dolliv, ,Grass,Normal,354,52,53,60,78,78,33,11.9
930,Arboliva, ,Grass,Normal,510,78,69,90,125,109,39,48.2
931,Squawkabilly,Green Plumage,Normal,Flying,417,82,96,51,45,51,92,2.4
931,Squawkabilly,Blue Plumage,Normal,Flying,417,82,96,51,45,51,92,2.4
931,Squawkabilly,Yellow Plumage,Normal,Flying,417,82,96,51,45,51,92,2.4
931,Squawkabilly,White Plumage,Normal,Flying,417,82,96,51,45,51,92,2.4
932,Nacli, ,Rock, ,280,55,55,75,35,35,25,16
933,Naclstack, ,Rock, ,355,60,60,100,35,65,35,105
934,Garganacl, ,Rock, ,500,100,100,130,45,90,35,240
935,Charcadet, ,Fire, ,255,40,50,40,50,40,35,10.5
936,Armarouge, ,Fire,Psychic,525,85,60,100,125,80,75,85
937,Ceruledge, ,Fire,Ghost,525,75,125,80,60,100,85,62
938,Tadbulb, ,Electric, ,272,61,31,41,59,35,45,0.4
939,Bellibolt, ,Electric, ,495,109,64,91,103,83,45,113
940,Wattrel, ,Electric,Flying,280,40,40,35,55,40,70,3.6
941,Kilowattrel, ,Electric,Flying,490,70,70,60,105,60,125,38.6
942,Maschiff, ,Dark, ,340,60,78,60,40,51,51,16
943,Mabosstiff, ,Dark, ,505,80,120,90,60,70,85,61
944,Shroodle, ,Poison,Normal,290,40,65,35,40,35,75,0.7
945,Grafaiai, ,Poison,Normal,485,63,95,65,80,72,110,27.2
946,Bramblin, ,Grass,Ghost,275,40,65,30,45,35,60,0.6
947,Brambleghast, ,Grass,Ghost,480,55,115,70,80,70,90,6
948,Toedscool, ,Ground,Grass,335,40,40,35,50,100,70,33
949,Toedscruel, ,Ground,Grass,515,80,70,65,80,120,100,58
950,Klawf, ,Rock, ,450,70,100,115,35,55,75,79
951,Capsakid, ,Grass, ,304,50,62,40,62,40,50,3
952,Scovillain, ,Grass,Fire,486,65,108,65,108,65,75,15
953,Rellor, ,Bug, ,270,41,50,60,31,58,30,1
954,Rabsca, ,Bug,Psychic,470,75,50,85,115,100,45,3.5
955,Flittle, ,Psychic, ,255,30,35,30,55,30,75,1.5
956,Espathra, ,Psychic, ,481,95,60,60,101,60,105,90
957,Tinkatink, ,Fairy,Steel,297,50,45,45,35,64,58,8.9
958,Tinkatuff, ,Fairy,Steel,380,65,55,55,45,82,78,59.1
959,Tinkaton, ,Fairy,Steel,506,85,75,77,70,105,94,112.8
960,Wiglett, ,Water, ,245,10,55,25,35,25,95,1.8
961,Wugtrio, ,Water, ,425,35,100,50,50,70,120,5.4
962,Bombirdier, ,Flying,Dark,485,70,103,85,60,85,82,42.9
963,Finizen, ,Water, ,315,70,45,40,45,40,75,60.2
964,Palafin,Zero Form,Water, ,457,100,70,72,53,62,100,60.2
964,Palafin,Hero Form,Water, ,650,100,160,97,106,87,100,97.4
965,Varoom, ,Steel,Poison,300,45,70,63,30,45,47,35
966,Revavroom, ,Steel,Poison,500,80,119,90,54,67,90,120
967,Cyclizar, ,Dragon,Normal,501,70,95,65,85,65,121,63
968,Orthworm, ,Steel, ,480,70,85,145,60,55,65,310
969,Glimmet, ,Rock,Poison,350,48,35,42,105,60,60,8
970,Glimmora, ,Rock,Poison,525,83,55,90,130,81,86,45
971,Greavard, ,Ghost, ,290,50,61,60,30,55,34,35
972,Houndstone, ,Ghost, ,488,72,101,100,50,97,68,15
973,Flamigo, ,Flying,Fighting,500,82,115,74,75,64,90,37
974,Cetoddle, ,Ice, ,334,108,68,45,30,40,43,45
975,Cetitan, ,Ice, ,521,170,113,65,45,55,73,700
976,Veluza, ,Water,Psychic,478,90,102,73,78,65,70,90
977,Dondozo, ,Water, ,530,150,100,115,65,65,35,220
978,Tatsugiri,Curly Form,Dragon,Water,475,68,50,60,120,95,82,8
978,Tatsugiri,Droopy Form,Dragon,Water,475,68,50,60,120,95,82,8
978,Tatsugiri,Stretchy Form,Dragon,Water,475,68,50,60,120,95,82,8
979,Annihilape, ,Fighting,Ghost,535,110,115,80,50,90,90,56
980,Clodsire, ,Poison,Ground,430,130,75,60,45,100,20,223
981,Farigiraf, ,Normal,Psychic,520,120,90,70,110,70,60,160
982,Dudunsparce,Two-Segment Form,Normal, ,520,125,100,80,85,75,55,39.2
982,Dudunsparce,Three-Segment Form,Normal, ,520,125,100,80,85,75,55,47
983,Kingambit, ,Dark,Steel,550,100,135,120,60,85,50,120
984,Great Tusk, ,Ground,Fighting,570,115,131,131,53,53,87,320
985,Scream Tail, ,Fairy,Psychic,570,115,65,99,65,115,111,8
986,Brute Bonnet, ,Grass,Dark,570,111,127,99,79,99,55,21
987,Flutter Mane, ,Ghost,Fairy,570,55,55,55,135,135,135,4
988,Slither Wing, ,Bug,Fighting,570,85,135,79,85,105,81,92
989,Sandy Shocks, ,Electric,Ground,570,85,81,97,121,85,101,60
990,Iron Treads, ,Ground,Steel,570,90,112,120,72,70,106,240
991,Iron Bundle, ,Ice,Water,570,56,80,114,124,60,136,11
992,Iron Hands, ,Fighting,Electric,570,154,140,108,50,68,50,380.7
993,Iron Jugulis, ,Dark,Flying,570,94,80,86,122,80,108,111
994,Iron Moth, ,Fire,Poison,570,80,70,60,140,110,110,36
995,Iron Thorns, ,Rock,Electric,570,100,134,110,70,84,72,303
996,Frigibax, ,Dragon,Ice,320,65,75,45,35,45,55,17
997,Arctibax, ,Dragon,Ice,423,90,95,66,45,65,62,30
998,Baxcalibur, ,Dragon,Ice,600,115,145,92,75,86,87,210
999,Gimmighoul,Chest Form,Ghost, ,300,45,30,70,75,70,10,5
999,Gimmighoul,Roaming Form,Ghost, ,300,45,30,25,75,45,80,0.1
1000,Gholdengo, ,Steel,Ghost,550,87,60,95,133,91,84,30
1001,Wo-Chien, ,Dark,Grass,570,85,85,100,95,135,70,74.2
1002,Chien-Pao, ,Dark,Ice,570,80,120,80,90,65,135,152.2
1003,Ting-Lu, ,Dark,Ground,570,155,110,125,55,80,45,699.7
1004,Chi-Yu, ,Dark,Fire,570,55,80,80,135,120,100,4.9
1005,Roaring Moon, ,Dragon,Dark,590,105,139,71,55,101,119,380
1006,Iron Valiant, ,Fairy,Fighting,590,74,130,90,120,60,116,35
1007,Koraidon, ,Fighting,Dragon,670,100,135,115,85,100,135,303
1008,Miraidon, ,Electric,Dragon,670,100,85,100,135,115,135,240
1009,Walking Wake, ,Water,Dragon,590,99,83,91,125,83,109,280
1010,Iron Leaves, ,Grass,Psychic,590,90,130,88,70,108,104,125
1011,Dipplin, ,Grass,Dragon,485,80,80,110,95,80,40,4.4
1012,Poltchageist, ,Grass,Ghost,308,40,45,45,74,54,50,1.1
1013,Sinistcha, ,Grass,Ghost,508,71,60,106,121,80,70,2.2
1014,Okidogi, ,Poison,Fighting,555,88,128,115,58,86,80,92
1015,Munkidori, ,Poison,Psychic,555,88,75,66,130,90,106,12.2
1016,Fezandipiti, ,Poison,Fairy,555,88,91,82,70,125,99,30.1
1017,Ogerpon,Teal Mask,Grass, ,550,80,120,84,60,96,110,39.8
1017,Ogerpon,Wellspring Mask,Grass,Water,550,80,120,84,60,96,110,39.8
1017,Ogerpon,Hearthflame Mask,Grass,Fire,550,80,120,84,60,96,110,39.8
1017,Ogerpon,Cornerstone Mask,Grass,Rock,550,80,120,84,60,96,110,39.8
1018,Archaludon, ,Steel,Dragon,600,90,105,130,125,65,85,60
1019,Hydrapple, ,Grass,Dragon,540,106,80,110,120,80,44,93
1020,Gouging Fire, ,Fire,Dragon,590,105,115,121,65,93,91,590
1021,Raging Bolt, ,Electric,Dragon,590,125,73,91,137,89,75,480
1022,Iron Boulder, ,Rock,Psychic,590,90,120,80,68,108,124,162.5
1023,Iron Crown, ,Steel,Psychic,590,90,72,100,122,108,98,156
1024,Terapagos,Normal Form,Normal, ,450,90,65,85,65,85,60,6.5
1024,Terapagos,Terastal Form,Normal, ,600,95,95,110,105,110,85,16
1024,Terapagos,Stellar Form,Normal, ,700,160,105,110,130,110,85,77
1025,Pecharunt, ,Poison,Ghost,600,88,88,160,88,88,88,0.3
